country_iso,year,HUNGER_LOW,HUNGER_MED,HUNGER_HIGH,INCOME_LOW,INCOME_MID,INCOME_HIGH,INFLATION_HIGH,IMPORT_DEP_HIGH,SUPPLY_INADEQUATE,ECON_SHRINKING,POPGROWTH_HIGH
AFG,2010,0,0,1,1,0,0,0,0,0,0,1
AFG,2011,0,0,1,1,0,0,1,0,0,0,1
AFG,2012,0,0,1,1,0,0,0,0,0,0,1
AFG,2013,0,0,1,1,0,0,0,0,0,0,1
AFG,2014,0,0,1,1,0,0,0,0,0,0,1
AFG,2015,0,0,1,1,0,0,0,0,0,0,1
AFG,2016,0,0,1,1,0,0,0,0,0,0,1
AFG,2017,0,0,1,1,0,0,0,0,0,0,1
AFG,2018,0,0,1,1,0,0,0,0,0,0,1
AFG,2019,0,0,1,1,0,0,0,0,0,0,1
AFG,2020,0,0,1,1,0,0,0,0,0,1,1
AFG,2021,0,0,1,1,0,0,0,0,0,1,1
AFG,2022,0,0,1,1,0,0,1,0,0,1,0
AFG,2023,0,0,1,1,0,0,0,0,0,0,1
AGO,2010,0,0,1,0,1,0,1,1,0,0,1
AGO,2011,0,1,0,0,1,0,1,1,0,0,1
AGO,2012,0,1,0,0,1,0,1,1,0,0,1
AGO,2013,0,1,0,0,1,0,0,1,0,0,1
AGO,2014,0,1,0,0,1,0,0,0,0,0,1
AGO,2015,0,1,0,0,1,0,0,0,0,0,1
AGO,2016,0,0,1,1,0,0,1,0,0,1,1
AGO,2017,0,0,1,1,0,0,1,0,0,1,1
AGO,2018,0,0,1,0,1,0,1,0,0,1,1
AGO,2019,0,0,1,1,0,0,1,0,0,1,1
AGO,2020,0,0,1,1,0,0,1,0,0,1,1
AGO,2021,0,0,1,1,0,0,1,0,0,0,1
AGO,2022,0,0,1,0,1,0,1,0,0,0,1
AGO,2023,0,0,1,0,1,0,1,0,0,0,1
ALB,2010,0,1,0,0,1,0,0,0,0,0,0
ALB,2011,1,0,0,0,1,0,0,0,0,0,0
ALB,2012,1,0,0,0,1,0,0,0,0,0,0
ALB,2013,1,0,0,0,1,0,0,0,0,0,0
ALB,2014,1,0,0,0,1,0,0,0,0,0,0
ALB,2015,1,0,0,0,1,0,0,0,0,0,0
ALB,2016,1,0,0,0,1,0,0,0,0,0,0
ALB,2017,1,0,0,0,1,0,0,0,0,0,0
ALB,2018,1,0,0,0,1,0,0,0,0,0,0
ALB,2019,1,0,0,0,1,0,0,0,0,0,0
ALB,2020,0,1,0,0,1,0,0,0,0,1,0
ALB,2021,0,1,0,0,1,0,0,0,0,0,0
ALB,2022,0,1,0,0,1,0,0,0,0,0,0
ALB,2023,0,1,0,0,1,0,0,0,0,0,0
ARE,2010,0,1,0,0,0,1,0,1,0,0,1
ARE,2011,1,0,0,0,0,1,0,1,0,0,1
ARE,2012,1,0,0,0,0,1,0,1,0,0,1
ARE,2013,1,0,0,0,0,1,0,1,0,0,1
ARE,2014,1,0,0,0,0,1,0,1,0,0,1
ARE,2015,1,0,0,0,0,1,0,1,0,0,1
ARE,2016,1,0,0,0,0,1,0,1,0,0,1
ARE,2017,1,0,0,0,0,1,0,1,0,1,1
ARE,2018,1,0,0,0,0,1,0,1,0,0,0
ARE,2019,1,0,0,0,0,1,0,1,0,0,0
ARE,2020,1,0,0,0,0,1,0,1,0,1,0
ARE,2021,1,0,0,0,0,1,0,1,0,0,0
ARE,2022,1,0,0,0,0,1,0,1,0,0,1
ARE,2023,1,0,0,0,0,1,0,0,0,0,1
ARG,2010,1,0,0,0,1,0,0,0,0,0,0
ARG,2011,1,0,0,0,0,1,0,0,0,0,0
ARG,2012,1,0,0,0,0,1,0,0,0,1,0
ARG,2013,1,0,0,0,0,1,0,0,0,0,0
ARG,2014,1,0,0,0,0,1,0,0,0,1,0
ARG,2015,1,0,0,0,0,1,0,0,0,0,0
ARG,2016,1,0,0,0,0,1,0,0,0,1,0
ARG,2017,1,0,0,0,0,1,0,0,0,0,0
ARG,2018,1,0,0,0,0,1,1,0,0,1,0
ARG,2019,1,0,0,0,1,0,1,0,0,1,0
ARG,2020,1,0,0,0,1,0,1,0,0,1,0
ARG,2021,1,0,0,0,0,1,1,0,0,0,0
ARG,2022,1,0,0,0,0,1,1,0,0,0,0
ARG,2023,1,0,0,0,0,1,1,0,0,1,0
ARM,2010,1,0,0,0,1,0,0,1,0,0,0
ARM,2011,1,0,0,0,1,0,0,1,0,0,0
ARM,2012,1,0,0,0,1,0,0,0,0,0,0
ARM,2013,1,0,0,0,1,0,0,0,0,0,0
ARM,2014,1,0,0,0,1,0,0,0,0,0,0
ARM,2015,1,0,0,0,1,0,0,0,0,0,0
ARM,2016,1,0,0,0,1,0,0,1,0,0,0
ARM,2017,1,0,0,0,1,0,0,1,0,0,0
ARM,2018,1,0,0,0,1,0,0,1,0,0,0
ARM,2019,1,0,0,0,1,0,0,1,0,0,0
ARM,2020,1,0,0,0,1,0,0,1,0,1,0
ARM,2021,1,0,0,0,1,0,0,1,0,0,0
ARM,2022,1,0,0,0,1,0,0,1,0,0,0
ARM,2023,1,0,0,0,1,0,0,0,0,0,0
AUS,2010,1,0,0,0,0,1,0,0,0,0,0
AUS,2011,1,0,0,0,0,1,0,0,0,0,0
AUS,2012,1,0,0,0,0,1,0,0,0,0,0
AUS,2013,1,0,0,0,0,1,0,0,0,0,0
AUS,2014,1,0,0,0,0,1,0,0,0,0,0
AUS,2015,1,0,0,0,0,1,0,0,0,0,0
AUS,2016,1,0,0,0,0,1,0,0,0,0,0
AUS,2017,1,0,0,0,0,1,0,0,0,0,0
AUS,2018,1,0,0,0,0,1,0,0,0,0,0
AUS,2019,1,0,0,0,0,1,0,0,0,0,0
AUS,2020,1,0,0,0,0,1,0,0,0,1,0
AUS,2021,1,0,0,0,0,1,0,0,0,0,0
AUS,2022,1,0,0,0,0,1,0,0,0,0,0
AUS,2023,1,0,0,0,0,1,0,0,0,0,1
AUT,2010,1,0,0,0,0,1,0,0,0,0,0
AUT,2011,1,0,0,0,0,1,0,0,0,0,0
AUT,2012,1,0,0,0,0,1,0,0,0,0,0
AUT,2013,1,0,0,0,0,1,0,0,0,1,0
AUT,2014,1,0,0,0,0,1,0,0,0,0,0
AUT,2015,1,0,0,0,0,1,0,0,0,0,0
AUT,2016,1,0,0,0,0,1,0,0,0,0,0
AUT,2017,1,0,0,0,0,1,0,0,0,0,0
AUT,2018,1,0,0,0,0,1,0,0,0,0,0
AUT,2019,1,0,0,0,0,1,0,0,0,0,0
AUT,2020,1,0,0,0,0,1,0,0,0,1,0
AUT,2021,1,0,0,0,0,1,0,0,0,0,0
AUT,2022,1,0,0,0,0,1,0,0,0,0,0
AUT,2023,1,0,0,0,0,1,0,0,0,1,0
AZE,2010,1,0,0,0,1,0,0,0,0,0,0
AZE,2011,1,0,0,0,1,0,0,0,0,1,0
AZE,2012,1,0,0,0,1,0,0,0,0,0,0
AZE,2013,1,0,0,0,1,0,0,0,0,0,0
AZE,2014,1,0,0,0,1,0,0,0,0,0,0
AZE,2015,1,0,0,0,1,0,0,0,0,0,0
AZE,2016,1,0,0,0,1,0,1,0,0,1,0
AZE,2017,1,0,0,0,1,0,1,0,0,0,0
AZE,2018,1,0,0,0,1,0,0,0,0,0,0
AZE,2019,1,0,0,0,1,0,0,0,0,0,0
AZE,2020,1,0,0,0,1,0,0,0,0,1,0
AZE,2021,1,0,0,0,1,0,0,0,0,0,0
AZE,2022,1,0,0,0,1,0,1,0,0,0,0
AZE,2023,1,0,0,0,1,0,0,0,0,0,0
BEL,2010,1,0,0,0,0,1,0,1,0,0,0
BEL,2011,1,0,0,0,0,1,0,1,0,0,0
BEL,2012,1,0,0,0,0,1,0,1,0,0,0
BEL,2013,1,0,0,0,0,1,0,1,0,0,0
BEL,2014,1,0,0,0,0,1,0,1,0,0,0
BEL,2015,1,0,0,0,0,1,0,1,0,0,0
BEL,2016,1,0,0,0,0,1,0,1,0,0,0
BEL,2017,1,0,0,0,0,1,0,1,0,0,0
BEL,2018,1,0,0,0,0,1,0,1,0,0,0
BEL,2019,1,0,0,0,0,1,0,1,0,0,0
BEL,2020,1,0,0,0,0,1,0,1,0,1,0
BEL,2021,1,0,0,0,0,1,0,1,0,0,0
BEL,2022,1,0,0,0,0,1,0,1,0,0,0
BEL,2023,1,0,0,0,0,1,0,0,0,0,0
BEN,2010,0,1,0,1,0,0,0,0,0,0,1
BEN,2011,0,1,0,1,0,0,0,0,0,0,1
BEN,2012,0,1,0,1,0,0,0,0,0,0,1
BEN,2013,0,1,0,1,0,0,0,0,0,0,1
BEN,2014,0,1,0,1,0,0,0,0,0,0,1
BEN,2015,0,1,0,1,0,0,0,1,0,0,1
BEN,2016,0,1,0,1,0,0,0,1,0,0,1
BEN,2017,0,1,0,1,0,0,0,1,0,0,1
BEN,2018,0,1,0,1,0,0,0,0,0,0,1
BEN,2019,0,1,0,1,0,0,0,0,0,0,1
BEN,2020,0,1,0,1,0,0,0,0,0,0,1
BEN,2021,0,1,0,1,0,0,0,0,0,0,1
BEN,2022,0,1,0,1,0,0,0,0,0,0,1
BEN,2023,0,1,0,1,0,0,0,0,0,0,1
BFA,2010,0,0,1,1,0,0,0,0,0,0,1
BFA,2011,0,1,0,1,0,0,0,0,0,0,1
BFA,2012,0,1,0,1,0,0,0,0,0,0,1
BFA,2013,0,1,0,1,0,0,0,0,0,0,1
BFA,2014,0,1,0,1,0,0,0,0,0,0,1
BFA,2015,0,1,0,1,0,0,0,0,0,0,1
BFA,2016,0,1,0,1,0,0,0,0,0,0,1
BFA,2017,0,1,0,1,0,0,0,0,0,0,1
BFA,2018,0,1,0,1,0,0,0,0,0,0,1
BFA,2019,0,1,0,1,0,0,0,0,0,0,1
BFA,2020,0,1,0,1,0,0,0,0,0,0,1
BFA,2021,0,1,0,1,0,0,0,0,0,0,1
BFA,2022,0,1,0,1,0,0,1,0,0,0,1
BFA,2023,0,1,0,1,0,0,0,0,0,0,1
BGD,2010,0,0,1,1,0,0,0,0,0,0,0
BGD,2011,0,0,1,1,0,0,1,0,0,0,0
BGD,2012,0,0,1,1,0,0,0,0,0,0,0
BGD,2013,0,0,1,1,0,0,0,0,0,0,0
BGD,2014,0,0,1,1,0,0,0,0,0,0,0
BGD,2015,0,0,1,1,0,0,0,0,0,0,0
BGD,2016,0,1,0,1,0,0,0,0,0,0,0
BGD,2017,0,1,0,1,0,0,0,0,0,0,0
BGD,2018,0,1,0,1,0,0,0,0,0,0,0
BGD,2019,0,1,0,1,0,0,0,0,0,0,0
BGD,2020,0,1,0,1,0,0,0,0,0,0,0
BGD,2021,0,1,0,1,0,0,0,0,0,0,0
BGD,2022,0,1,0,1,0,0,0,0,0,0,0
BGD,2023,0,1,0,1,0,0,0,0,0,0,0
BGR,2010,0,1,0,0,1,0,0,0,0,0,0
BGR,2011,0,1,0,0,1,0,0,0,0,0,0
BGR,2012,1,0,0,0,1,0,0,0,0,0,0
BGR,2013,1,0,0,0,1,0,0,0,0,1,0
BGR,2014,1,0,0,0,1,0,0,0,0,0,0
BGR,2015,1,0,0,0,1,0,0,0,0,0,0
BGR,2016,1,0,0,0,1,0,0,0,0,0,0
BGR,2017,1,0,0,0,1,0,0,0,0,0,0
BGR,2018,1,0,0,0,1,0,0,0,0,0,0
BGR,2019,1,0,0,0,1,0,0,0,0,0,0
BGR,2020,1,0,0,0,0,1,0,0,0,1,0
BGR,2021,1,0,0,0,0,1,0,0,0,0,0
BGR,2022,1,0,0,0,0,1,1,0,0,0,0
BGR,2023,1,0,0,0,0,1,0,0,0,0,0
BIH,2010,1,0,0,0,1,0,0,0,0,0,0
BIH,2011,1,0,0,0,1,0,0,1,0,0,0
BIH,2012,1,0,0,0,1,0,0,1,0,1,0
BIH,2013,1,0,0,0,1,0,0,1,0,0,0
BIH,2014,1,0,0,0,1,0,0,0,0,0,0
BIH,2015,1,0,0,0,1,0,0,0,0,0,0
BIH,2016,1,0,0,0,1,0,0,0,0,0,0
BIH,2017,1,0,0,0,1,0,0,0,0,0,0
BIH,2018,1,0,0,0,1,0,0,0,0,0,0
BIH,2019,1,0,0,0,1,0,0,0,0,0,0
BIH,2020,1,0,0,0,1,0,0,0,0,1,0
BIH,2021,1,0,0,0,1,0,0,0,0,0,0
BIH,2022,1,0,0,0,1,0,1,0,0,0,0
BIH,2023,1,0,0,0,1,0,0,0,0,0,0
BLR,2010,1,0,0,0,1,0,0,0,0,0,0
BLR,2011,1,0,0,0,1,0,1,0,0,0,0
BLR,2012,1,0,0,0,1,0,1,0,0,0,0
BLR,2013,1,0,0,0,1,0,1,0,0,0,0
BLR,2014,1,0,0,0,1,0,1,0,0,0,0
BLR,2015,1,0,0,0,1,0,1,0,0,1,0
BLR,2016,1,0,0,0,1,0,1,0,0,1,0
BLR,2017,1,0,0,0,1,0,0,0,0,0,0
BLR,2018,1,0,0,0,1,0,0,0,0,0,0
BLR,2019,1,0,0,0,1,0,0,0,0,0,0
BLR,2020,1,0,0,0,1,0,0,0,0,1,0
BLR,2021,1,0,0,0,1,0,0,0,0,0,0
BLR,2022,1,0,0,0,1,0,1,0,0,1,0
BLR,2023,1,0,0,0,1,0,0,0,0,0,0
BLZ,2010,1,0,0,0,1,0,0,0,0,0,1
BLZ,2011,0,1,0,0,1,0,0,0,0,1,1
BLZ,2012,0,1,0,0,1,0,0,0,0,0,1
BLZ,2013,0,1,0,0,1,0,0,0,0,0,1
BLZ,2014,0,1,0,0,1,0,0,0,0,0,1
BLZ,2015,0,1,0,0,1,0,0,0,0,0,1
BLZ,2016,0,1,0,0,1,0,0,0,0,1,1
BLZ,2017,0,1,0,0,1,0,0,0,0,1,1
BLZ,2018,0,1,0,0,1,0,0,0,0,0,0
BLZ,2019,0,1,0,0,1,0,0,0,0,0,0
BLZ,2020,0,1,0,0,1,0,0,0,0,1,0
BLZ,2021,0,1,0,0,1,0,0,0,0,0,0
BLZ,2022,0,1,0,0,1,0,0,0,0,0,0
BLZ,2023,0,1,0,0,1,0,0,0,0,0,1
BOL,2010,0,0,1,1,0,0,0,0,0,0,0
BOL,2011,0,0,1,1,0,0,0,0,0,0,0
BOL,2012,0,0,1,1,0,0,0,0,0,0,0
BOL,2013,0,0,1,0,1,0,0,0,0,0,0
BOL,2014,0,0,1,0,1,0,0,0,0,0,0
BOL,2015,0,0,1,0,1,0,0,0,0,0,0
BOL,2016,0,1,0,0,1,0,0,0,0,0,0
BOL,2017,0,1,0,0,1,0,0,0,0,0,0
BOL,2018,0,1,0,0,1,0,0,0,0,0,0
BOL,2019,0,1,0,0,1,0,0,0,0,0,0
BOL,2020,0,0,1,0,1,0,0,0,0,1,0
BOL,2021,0,0,1,0,1,0,0,0,0,0,0
BOL,2022,0,0,1,0,1,0,0,0,0,0,0
BOL,2023,0,0,1,0,1,0,0,0,0,0,0
BRA,2010,1,0,0,0,0,1,0,0,0,0,0
BRA,2011,1,0,0,0,0,1,0,0,0,0,0
BRA,2012,1,0,0,0,0,1,0,0,0,0,0
BRA,2013,1,0,0,0,0,1,0,0,0,0,0
BRA,2014,1,0,0,0,0,1,0,0,0,0,0
BRA,2015,1,0,0,0,1,0,0,0,0,1,0
BRA,2016,1,0,0,0,1,0,0,0,0,1,0
BRA,2017,1,0,0,0,1,0,0,0,0,0,0
BRA,2018,1,0,0,0,1,0,0,0,0,0,0
BRA,2019,1,0,0,0,1,0,0,0,0,0,0
BRA,2020,1,0,0,0,1,0,0,0,0,1,0
BRA,2021,1,0,0,0,1,0,0,0,0,0,0
BRA,2022,1,0,0,0,1,0,0,0,0,0,0
BRA,2023,1,0,0,0,1,0,0,0,0,0,0
BRB,2010,1,0,0,0,0,1,0,1,0,1,0
BRB,2011,1,0,0,0,0,1,0,1,0,1,0
BRB,2012,1,0,0,0,0,1,0,1,0,1,0
BRB,2013,1,0,0,0,0,1,0,1,0,0,0
BRB,2014,1,0,0,0,0,1,0,1,0,0,0
BRB,2015,1,0,0,0,0,1,0,1,0,1,0
BRB,2016,1,0,0,0,0,1,0,1,0,0,0
BRB,2017,1,0,0,0,0,1,0,1,0,0,0
BRB,2018,1,0,0,0,0,1,0,1,0,1,0
BRB,2019,1,0,0,0,0,1,0,1,0,0,0
BRB,2020,1,0,0,0,0,1,0,1,0,1,0
BRB,2021,1,0,0,0,0,1,0,1,0,0,0
BRB,2022,1,0,0,0,0,1,0,1,0,0,0
BRB,2023,1,0,0,0,0,1,0,0,0,0,0
BWA,2010,0,0,1,0,1,0,0,1,0,0,1
BWA,2011,0,0,1,0,1,0,0,1,0,0,0
BWA,2012,0,0,1,0,1,0,0,1,0,1,0
BWA,2013,0,0,1,0,1,0,0,1,0,0,0
BWA,2014,0,0,1,0,1,0,0,1,0,0,0
BWA,2015,0,0,1,0,1,0,0,1,0,1,0
BWA,2016,0,0,1,0,1,0,0,1,0,0,0
BWA,2017,0,0,1,0,1,0,0,1,0,0,0
BWA,2018,0,0,1,0,1,0,0,1,0,0,0
BWA,2019,0,0,1,0,1,0,0,1,0,0,0
BWA,2020,0,0,1,0,1,0,0,1,0,1,0
BWA,2021,0,0,1,0,1,0,0,1,0,0,0
BWA,2022,0,0,1,0,1,0,1,1,0,0,0
BWA,2023,0,0,1,0,1,0,0,0,0,0,0
CAF,2010,0,0,1,1,0,0,0,0,0,0,0
CAF,2011,0,0,1,1,0,0,0,0,0,0,0
CAF,2012,0,0,1,1,0,0,0,0,1,0,0
CAF,2013,0,0,1,1,0,0,0,0,1,1,0
CAF,2014,0,0,1,1,0,0,1,0,1,0,0
CAF,2015,0,0,1,1,0,0,0,0,1,0,0
CAF,2016,0,0,1,1,0,0,0,0,0,0,0
CAF,2017,0,0,1,1,0,0,0,0,0,0,0
CAF,2018,0,0,1,1,0,0,0,0,0,0,0
CAF,2019,0,0,1,1,0,0,0,0,0,0,0
CAF,2020,0,0,1,1,0,0,0,0,0,0,0
CAF,2021,0,0,1,1,0,0,0,0,1,0,0
CAF,2022,0,0,1,1,0,0,0,0,1,0,0
CAF,2023,0,0,1,1,0,0,0,0,1,0,0
CAN,2010,1,0,0,0,0,1,0,0,0,0,0
CAN,2011,1,0,0,0,0,1,0,0,0,0,0
CAN,2012,1,0,0,0,0,1,0,0,0,0,0
CAN,2013,1,0,0,0,0,1,0,0,0,0,0
CAN,2014,1,0,0,0,0,1,0,0,0,0,0
CAN,2015,1,0,0,0,0,1,0,0,0,0,0
CAN,2016,1,0,0,0,0,1,0,0,0,0,0
CAN,2017,1,0,0,0,0,1,0,0,0,0,0
CAN,2018,1,0,0,0,0,1,0,0,0,0,0
CAN,2019,1,0,0,0,0,1,0,0,0,0,0
CAN,2020,1,0,0,0,0,1,0,0,0,1,0
CAN,2021,1,0,0,0,0,1,0,0,0,0,0
CAN,2022,1,0,0,0,0,1,0,0,0,0,0
CAN,2023,1,0,0,0,0,1,0,0,0,0,1
CHE,2010,1,0,0,0,0,1,0,1,0,0,0
CHE,2011,1,0,0,0,0,1,0,1,0,0,0
CHE,2012,1,0,0,0,0,1,0,1,0,0,0
CHE,2013,1,0,0,0,0,1,0,1,0,0,0
CHE,2014,1,0,0,0,0,1,0,1,0,0,0
CHE,2015,1,0,0,0,0,1,0,1,0,0,0
CHE,2016,1,0,0,0,0,1,0,1,0,0,0
CHE,2017,1,0,0,0,0,1,0,1,0,0,0
CHE,2018,1,0,0,0,0,1,0,1,0,0,0
CHE,2019,1,0,0,0,0,1,0,1,0,0,0
CHE,2020,1,0,0,0,0,1,0,1,0,1,0
CHE,2021,1,0,0,0,0,1,0,1,0,0,0
CHE,2022,1,0,0,0,0,1,0,1,0,0,0
CHE,2023,1,0,0,0,0,1,0,0,0,0,0
CHL,2010,1,0,0,0,0,1,0,0,0,0,0
CHL,2011,1,0,0,0,0,1,0,0,0,0,0
CHL,2012,1,0,0,0,0,1,0,0,0,0,0
CHL,2013,1,0,0,0,0,1,0,0,0,0,0
CHL,2014,1,0,0,0,0,1,0,0,0,0,0
CHL,2015,1,0,0,0,0,1,0,0,0,0,0
CHL,2016,1,0,0,0,0,1,0,0,0,0,0
CHL,2017,1,0,0,0,0,1,0,0,0,0,0
CHL,2018,1,0,0,0,0,1,0,0,0,0,0
CHL,2019,1,0,0,0,0,1,0,1,0,0,0
CHL,2020,1,0,0,0,0,1,0,1,0,1,0
CHL,2021,1,0,0,0,0,1,0,1,0,0,0
CHL,2022,1,0,0,0,0,1,1,1,0,0,0
CHL,2023,1,0,0,0,0,1,0,0,0,0,0
CHN,2010,1,0,0,0,1,0,0,0,0,0,0
CHN,2011,1,0,0,0,1,0,0,0,0,0,0
CHN,2012,1,0,0,0,1,0,0,0,0,0,0
CHN,2013,1,0,0,0,1,0,0,0,0,0,0
CHN,2014,1,0,0,0,1,0,0,0,0,0,0
CHN,2015,1,0,0,0,1,0,0,0,0,0,0
CHN,2016,1,0,0,0,1,0,0,0,0,0,0
CHN,2017,1,0,0,0,1,0,0,0,0,0,0
CHN,2018,1,0,0,0,1,0,0,0,0,0,0
CHN,2019,1,0,0,0,1,0,0,0,0,0,0
CHN,2020,1,0,0,0,0,1,0,0,0,0,0
CHN,2021,1,0,0,0,0,1,0,0,0,0,0
CHN,2022,1,0,0,0,0,1,0,0,0,0,0
CHN,2023,1,0,0,0,0,1,0,0,0,0,0
CIV,2010,0,0,1,1,0,0,0,1,0,0,1
CIV,2011,0,0,1,1,0,0,0,1,0,1,1
CIV,2012,0,0,1,1,0,0,0,1,0,0,1
CIV,2013,0,0,1,1,0,0,0,0,0,0,0
CIV,2014,0,1,0,1,0,0,0,0,0,0,1
CIV,2015,0,1,0,1,0,0,0,0,0,0,1
CIV,2016,0,1,0,1,0,0,0,0,0,0,1
CIV,2017,0,1,0,1,0,0,0,0,0,0,1
CIV,2018,0,1,0,1,0,0,0,0,0,0,1
CIV,2019,0,1,0,1,0,0,0,0,0,0,1
CIV,2020,0,1,0,1,0,0,0,1,0,0,1
CIV,2021,0,1,0,1,0,0,0,1,0,0,1
CIV,2022,0,1,0,1,0,0,0,1,0,0,1
CIV,2023,0,1,0,1,0,0,0,0,0,0,1
CMR,2010,1,0,0,1,0,0,0,0,0,0,1
CMR,2011,1,0,0,1,0,0,0,0,0,0,1
CMR,2012,1,0,0,1,0,0,0,0,0,0,1
CMR,2013,1,0,0,1,0,0,0,0,0,0,1
CMR,2014,1,0,0,1,0,0,0,0,0,0,1
CMR,2015,1,0,0,1,0,0,0,0,0,0,1
CMR,2016,0,1,0,1,0,0,0,0,0,0,1
CMR,2017,0,1,0,1,0,0,0,0,0,0,1
CMR,2018,0,1,0,1,0,0,0,0,0,0,1
CMR,2019,0,1,0,1,0,0,0,0,0,0,1
CMR,2020,0,1,0,1,0,0,0,0,0,0,1
CMR,2021,0,1,0,1,0,0,0,0,0,0,1
CMR,2022,0,1,0,1,0,0,0,0,0,0,1
CMR,2023,1,0,0,1,0,0,0,0,0,0,1
COD,2010,0,0,1,1,0,0,0,0,0,0,1
COD,2011,0,0,1,1,0,0,1,0,0,1,1
COD,2012,0,0,1,1,0,0,0,0,0,0,1
COD,2013,0,0,1,1,0,0,0,0,0,0,1
COD,2014,0,0,1,1,0,0,0,0,0,0,1
COD,2015,0,0,1,1,0,0,0,0,0,0,1
COD,2016,0,0,1,1,0,0,0,0,0,0,1
COD,2017,0,0,1,1,0,0,0,0,0,0,1
COD,2018,0,0,1,1,0,0,0,0,0,0,1
COD,2019,0,0,1,1,0,0,0,0,0,0,1
COD,2020,0,0,1,1,0,0,0,0,0,0,1
COD,2021,0,0,1,1,0,0,0,0,1,0,1
COD,2022,0,0,1,1,0,0,0,0,1,0,1
COD,2023,0,0,1,1,0,0,0,0,1,0,1
COG,2010,0,0,1,0,1,0,0,1,1,0,1
COG,2011,0,0,1,0,1,0,0,1,1,0,1
COG,2012,0,0,1,0,1,0,0,1,1,0,1
COG,2013,0,0,1,0,1,0,0,1,1,1,1
COG,2014,0,0,1,0,1,0,0,1,1,0,1
COG,2015,0,0,1,1,0,0,0,1,1,0,1
COG,2016,0,0,1,1,0,0,0,1,1,1,1
COG,2017,0,0,1,1,0,0,0,1,1,1,1
COG,2018,0,0,1,1,0,0,0,1,1,1,1
COG,2019,0,0,1,1,0,0,0,1,1,0,1
COG,2020,0,0,1,1,0,0,0,1,1,1,1
COG,2021,0,0,1,1,0,0,0,1,1,0,1
COG,2022,0,0,1,1,0,0,0,1,1,0,1
COG,2023,0,0,1,1,0,0,0,0,1,0,1
COL,2010,0,1,0,0,1,0,0,1,0,0,0
COL,2011,0,1,0,0,1,0,0,1,0,0,0
COL,2012,0,1,0,0,1,0,0,1,0,0,0
COL,2013,0,1,0,0,1,0,0,1,0,0,0
COL,2014,0,1,0,0,1,0,0,1,0,0,0
COL,2015,0,1,0,0,1,0,0,1,0,0,0
COL,2016,1,0,0,0,1,0,0,1,0,0,0
COL,2017,1,0,0,0,1,0,0,1,0,0,0
COL,2018,1,0,0,0,1,0,0,1,0,0,0
COL,2019,1,0,0,0,1,0,0,1,0,0,0
COL,2020,1,0,0,0,1,0,0,1,0,1,0
COL,2021,1,0,0,0,1,0,0,1,0,0,0
COL,2022,1,0,0,0,1,0,1,1,0,0,0
COL,2023,1,0,0,0,1,0,1,0,0,0,0
COM,2010,0,0,1,1,0,0,0,0,0,0,0
COM,2011,0,0,1,1,0,0,0,1,0,0,0
COM,2012,0,0,1,1,0,0,0,1,0,0,1
COM,2013,0,0,1,1,0,0,0,1,0,0,1
COM,2014,0,1,0,1,0,0,0,1,0,0,1
COM,2015,0,1,0,1,0,0,0,1,0,0,1
COM,2016,0,1,0,1,0,0,0,0,0,0,1
COM,2017,0,1,0,1,0,0,0,1,0,0,0
COM,2018,0,1,0,1,0,0,0,0,0,0,0
COM,2019,0,1,0,1,0,0,0,0,0,0,0
COM,2020,0,1,0,1,0,0,0,0,0,1,0
COM,2021,0,0,1,1,0,0,0,0,0,0,0
COM,2022,0,0,1,1,0,0,1,0,0,0,0
COM,2023,0,0,1,1,0,0,0,0,0,0,0
CPV,2010,0,1,0,0,1,0,0,1,0,0,0
CPV,2011,0,1,0,0,1,0,0,1,0,0,0
CPV,2012,0,1,0,0,1,0,0,1,0,0,0
CPV,2013,0,0,1,0,1,0,0,1,0,0,0
CPV,2014,0,0,1,0,1,0,0,1,0,0,0
CPV,2015,0,0,1,0,1,0,0,1,0,0,0
CPV,2016,0,0,1,0,1,0,0,1,0,0,0
CPV,2017,0,0,1,0,1,0,0,1,0,0,0
CPV,2018,0,1,0,0,1,0,0,1,0,0,0
CPV,2019,0,1,0,0,1,0,0,1,0,0,0
CPV,2020,0,1,0,0,1,0,0,1,0,1,0
CPV,2021,0,1,0,0,1,0,0,1,0,0,0
CPV,2022,0,1,0,0,1,0,0,1,0,0,0
CPV,2023,0,1,0,0,1,0,0,0,0,0,0
CRI,2010,1,0,0,0,1,0,0,1,0,0,0
CRI,2011,1,0,0,0,1,0,0,1,0,0,0
CRI,2012,1,0,0,0,1,0,0,1,0,0,0
CRI,2013,1,0,0,0,0,1,0,1,0,0,0
CRI,2014,1,0,0,0,0,1,0,1,0,0,0
CRI,2015,1,0,0,0,0,1,0,1,0,0,0
CRI,2016,1,0,0,0,0,1,0,1,0,0,0
CRI,2017,1,0,0,0,0,1,0,1,0,0,0
CRI,2018,1,0,0,0,0,1,0,1,0,0,0
CRI,2019,1,0,0,0,0,1,0,1,0,0,0
CRI,2020,1,0,0,0,0,1,0,1,0,1,0
CRI,2021,1,0,0,0,0,1,0,1,0,0,0
CRI,2022,1,0,0,0,0,1,0,1,0,0,0
CRI,2023,1,0,0,0,0,1,0,0,0,0,0
CYP,2010,1,0,0,0,0,1,0,1,0,0,0
CYP,2011,1,0,0,0,0,1,0,1,0,0,0
CYP,2012,1,0,0,0,0,1,0,1,0,1,0
CYP,2013,1,0,0,0,0,1,0,1,0,1,0
CYP,2014,1,0,0,0,0,1,0,1,0,1,0
CYP,2015,1,0,0,0,0,1,0,1,0,0,0
CYP,2016,1,0,0,0,0,1,0,1,0,0,0
CYP,2017,1,0,0,0,0,1,0,1,0,0,0
CYP,2018,1,0,0,0,0,1,0,1,0,0,0
CYP,2019,1,0,0,0,0,1,0,1,0,0,0
CYP,2020,1,0,0,0,0,1,0,1,0,1,0
CYP,2021,1,0,0,0,0,1,0,1,0,0,0
CYP,2022,1,0,0,0,0,1,0,1,0,0,0
CYP,2023,1,0,0,0,0,1,0,0,0,0,0
CZE,2010,1,0,0,0,0,1,0,0,0,0,0
CZE,2011,1,0,0,0,0,1,0,0,0,0,0
CZE,2012,1,0,0,0,0,1,0,0,0,1,0
CZE,2013,1,0,0,0,0,1,0,0,0,1,0
CZE,2014,1,0,0,0,0,1,0,0,0,0,0
CZE,2015,1,0,0,0,0,1,0,0,0,0,0
CZE,2016,1,0,0,0,0,1,0,0,0,0,0
CZE,2017,1,0,0,0,0,1,0,0,0,0,0
CZE,2018,1,0,0,0,0,1,0,0,0,0,0
CZE,2019,1,0,0,0,0,1,0,0,0,0,0
CZE,2020,1,0,0,0,0,1,0,0,0,1,0
CZE,2021,1,0,0,0,0,1,0,0,0,0,0
CZE,2022,1,0,0,0,0,1,1,0,0,0,0
CZE,2023,1,0,0,0,0,1,1,0,0,0,0
DEU,2010,1,0,0,0,0,1,0,0,0,0,0
DEU,2011,1,0,0,0,0,1,0,0,0,0,0
DEU,2012,1,0,0,0,0,1,0,0,0,0,0
DEU,2013,1,0,0,0,0,1,0,0,0,0,0
DEU,2014,1,0,0,0,0,1,0,0,0,0,0
DEU,2015,1,0,0,0,0,1,0,0,0,0,0
DEU,2016,1,0,0,0,0,1,0,0,0,0,0
DEU,2017,1,0,0,0,0,1,0,0,0,0,0
DEU,2018,1,0,0,0,0,1,0,0,0,0,0
DEU,2019,1,0,0,0,0,1,0,0,0,0,0
DEU,2020,1,0,0,0,0,1,0,0,0,1,0
DEU,2021,1,0,0,0,0,1,0,0,0,0,0
DEU,2022,1,0,0,0,0,1,0,0,0,0,0
DEU,2023,1,0,0,0,0,1,0,0,0,1,0
DJI,2010,0,0,1,1,0,0,0,1,0,0,1
DJI,2011,0,0,1,1,0,0,0,1,0,0,0
DJI,2012,0,0,1,1,0,0,0,1,0,0,0
DJI,2013,0,0,1,1,0,0,0,1,0,0,0
DJI,2014,0,1,0,1,0,0,0,1,0,0,0
DJI,2015,0,1,0,1,0,0,0,1,0,0,0
DJI,2016,0,1,0,1,0,0,0,1,0,0,0
DJI,2017,0,1,0,1,0,0,0,1,0,0,0
DJI,2018,0,1,0,1,0,0,0,1,0,0,0
DJI,2019,0,1,0,0,1,0,0,1,0,0,0
DJI,2020,0,1,0,0,1,0,0,1,0,0,0
DJI,2021,0,1,0,0,1,0,0,1,0,0,0
DJI,2022,0,1,0,0,1,0,0,1,0,0,0
DJI,2023,0,1,0,0,1,0,0,0,0,0,0
DMA,2010,1,0,0,0,1,0,0,1,0,1,0
DMA,2011,1,0,0,0,1,0,0,1,0,0,0
DMA,2012,1,0,0,0,1,0,0,1,0,1,0
DMA,2013,1,0,0,0,1,0,0,1,0,0,0
DMA,2014,1,0,0,0,1,0,0,1,0,0,0
DMA,2015,1,0,0,0,1,0,0,1,0,1,0
DMA,2016,1,0,0,0,1,0,0,1,0,0,0
DMA,2017,0,1,0,0,1,0,0,1,0,1,0
DMA,2018,0,1,0,0,1,0,0,1,0,0,0
DMA,2019,0,1,0,0,1,0,0,1,0,0,0
DMA,2020,0,1,0,0,1,0,0,1,0,1,0
DMA,2021,0,1,0,0,1,0,0,1,0,0,0
DMA,2022,1,0,0,0,1,0,0,1,0,0,0
DMA,2023,1,0,0,0,1,0,0,0,0,0,0
DNK,2010,1,0,0,0,0,1,0,0,0,0,0
DNK,2011,1,0,0,0,0,1,0,0,0,0,0
DNK,2012,1,0,0,0,0,1,0,0,0,1,0
DNK,2013,1,0,0,0,0,1,0,0,0,0,0
DNK,2014,1,0,0,0,0,1,0,0,0,0,0
DNK,2015,1,0,0,0,0,1,0,0,0,0,0
DNK,2016,1,0,0,0,0,1,0,0,0,0,0
DNK,2017,1,0,0,0,0,1,0,0,0,0,0
DNK,2018,1,0,0,0,0,1,0,0,0,0,0
DNK,2019,1,0,0,0,0,1,0,0,0,0,0
DNK,2020,1,0,0,0,0,1,0,0,0,1,0
DNK,2021,1,0,0,0,0,1,0,0,0,0,0
DNK,2022,1,0,0,0,0,1,0,0,0,0,0
DNK,2023,1,0,0,0,0,1,0,0,0,0,0
DOM,2010,0,1,0,0,1,0,0,1,0,0,0
DOM,2011,0,1,0,0,1,0,0,1,0,0,0
DOM,2012,0,1,0,0,1,0,0,1,0,0,0
DOM,2013,0,1,0,0,1,0,0,1,0,0,0
DOM,2014,0,1,0,0,1,0,0,1,0,0,0
DOM,2015,0,1,0,0,1,0,0,1,0,0,0
DOM,2016,0,1,0,0,1,0,0,1,0,0,0
DOM,2017,0,1,0,0,1,0,0,1,0,0,0
DOM,2018,0,1,0,0,1,0,0,1,0,0,0
DOM,2019,0,1,0,0,1,0,0,1,0,0,0
DOM,2020,0,1,0,0,1,0,0,1,0,1,0
DOM,2021,0,1,0,0,1,0,0,1,0,0,0
DOM,2022,1,0,0,0,1,0,0,1,0,0,0
DOM,2023,1,0,0,0,0,1,0,0,0,0,0
DZA,2010,1,0,0,0,1,0,0,1,0,0,0
DZA,2011,1,0,0,0,1,0,0,1,0,0,0
DZA,2012,1,0,0,0,1,0,0,1,0,0,0
DZA,2013,1,0,0,0,1,0,0,1,0,0,1
DZA,2014,1,0,0,0,1,0,0,1,0,0,1
DZA,2015,1,0,0,0,1,0,0,1,0,0,1
DZA,2016,1,0,0,0,1,0,0,1,0,0,1
DZA,2017,1,0,0,0,1,0,0,1,0,0,1
DZA,2018,1,0,0,0,1,0,0,1,0,0,0
DZA,2019,1,0,0,0,1,0,0,1,0,0,0
DZA,2020,1,0,0,0,1,0,0,1,0,1,0
DZA,2021,1,0,0,0,1,0,0,1,0,0,0
DZA,2022,1,0,0,0,1,0,0,1,0,0,0
DZA,2023,1,0,0,0,1,0,0,0,0,0,0
ECU,2010,0,1,0,0,1,0,0,0,0,0,0
ECU,2011,0,1,0,0,1,0,0,0,0,0,0
ECU,2012,0,1,0,0,1,0,0,0,0,0,0
ECU,2013,0,1,0,0,1,0,0,0,0,0,0
ECU,2014,0,1,0,0,1,0,0,0,0,0,0
ECU,2015,0,1,0,0,1,0,0,0,0,0,0
ECU,2016,0,1,0,0,1,0,0,0,0,1,0
ECU,2017,0,1,0,0,1,0,0,0,0,0,0
ECU,2018,0,1,0,0,1,0,0,0,0,0,0
ECU,2019,0,1,0,0,1,0,0,0,0,0,0
ECU,2020,0,1,0,0,1,0,0,0,0,1,0
ECU,2021,0,1,0,0,1,0,0,0,0,0,0
ECU,2022,0,1,0,0,1,0,0,0,0,0,0
ECU,2023,0,1,0,0,1,0,0,0,0,0,0
EGY,2010,0,1,0,1,0,0,1,0,0,0,0
EGY,2011,0,1,0,1,0,0,1,0,0,0,1
EGY,2012,0,1,0,0,1,0,0,0,0,0,1
EGY,2013,0,1,0,0,1,0,0,0,0,0,1
EGY,2014,0,1,0,0,1,0,1,0,0,0,1
EGY,2015,0,1,0,0,1,0,1,0,0,0,1
EGY,2016,0,1,0,0,1,0,1,0,0,0,1
EGY,2017,0,1,0,1,0,0,1,1,0,0,0
EGY,2018,0,1,0,1,0,0,1,1,0,0,0
EGY,2019,0,1,0,0,1,0,0,0,0,0,0
EGY,2020,0,1,0,0,1,0,0,0,0,0,0
EGY,2021,0,1,0,0,1,0,0,0,0,0,0
EGY,2022,0,1,0,0,1,0,1,0,0,0,0
EGY,2023,0,1,0,0,1,0,1,0,0,0,0
ESP,2010,1,0,0,0,0,1,0,0,0,0,0
ESP,2011,1,0,0,0,0,1,0,0,0,1,0
ESP,2012,1,0,0,0,0,1,0,0,0,1,0
ESP,2013,1,0,0,0,0,1,0,0,0,1,0
ESP,2014,1,0,0,0,0,1,0,0,0,0,0
ESP,2015,1,0,0,0,0,1,0,0,0,0,0
ESP,2016,1,0,0,0,0,1,0,0,0,0,0
ESP,2017,1,0,0,0,0,1,0,0,0,0,0
ESP,2018,1,0,0,0,0,1,0,0,0,0,0
ESP,2019,1,0,0,0,0,1,0,0,0,0,0
ESP,2020,1,0,0,0,0,1,0,0,0,1,0
ESP,2021,1,0,0,0,0,1,0,0,0,0,0
ESP,2022,1,0,0,0,0,1,0,1,0,0,0
ESP,2023,1,0,0,0,0,1,0,0,0,0,0
EST,2010,1,0,0,0,0,1,0,0,0,0,0
EST,2011,1,0,0,0,0,1,0,0,0,0,0
EST,2012,1,0,0,0,0,1,0,0,0,0,0
EST,2013,1,0,0,0,0,1,0,0,0,0,0
EST,2014,1,0,0,0,0,1,0,0,0,0,0
EST,2015,1,0,0,0,0,1,0,0,0,0,0
EST,2016,1,0,0,0,0,1,0,0,0,0,0
EST,2017,1,0,0,0,0,1,0,0,0,0,0
EST,2018,1,0,0,0,0,1,0,0,0,0,0
EST,2019,1,0,0,0,0,1,0,0,0,0,0
EST,2020,1,0,0,0,0,1,0,0,0,1,0
EST,2021,1,0,0,0,0,1,0,0,0,0,0
EST,2022,1,0,0,0,0,1,1,0,0,1,0
EST,2023,1,0,0,0,0,1,0,0,0,1,0
ETH,2010,0,0,1,1,0,0,0,0,0,0,1
ETH,2011,0,0,1,1,0,0,1,0,0,0,1
ETH,2012,0,0,1,1,0,0,1,0,0,0,1
ETH,2013,0,0,1,1,0,0,0,0,0,0,1
ETH,2014,0,0,1,1,0,0,0,0,0,0,1
ETH,2015,0,1,0,1,0,0,0,0,0,0,1
ETH,2016,0,1,0,1,0,0,0,0,0,0,1
ETH,2017,0,1,0,1,0,0,1,0,0,0,1
ETH,2018,0,0,1,1,0,0,1,0,0,0,1
ETH,2019,0,0,1,1,0,0,1,0,0,0,1
ETH,2020,0,0,1,1,0,0,1,0,0,0,1
ETH,2021,0,0,1,1,0,0,1,0,0,0,1
ETH,2022,0,0,1,1,0,0,1,0,0,0,1
ETH,2023,0,0,1,1,0,0,1,0,0,0,1
FIN,2010,1,0,0,0,0,1,0,0,0,0,0
FIN,2011,1,0,0,0,0,1,0,0,0,0,0
FIN,2012,1,0,0,0,0,1,0,0,0,1,0
FIN,2013,1,0,0,0,0,1,0,0,0,1,0
FIN,2014,1,0,0,0,0,1,0,0,0,1,0
FIN,2015,1,0,0,0,0,1,0,0,0,0,0
FIN,2016,1,0,0,0,0,1,0,0,0,0,0
FIN,2017,1,0,0,0,0,1,0,0,0,0,0
FIN,2018,1,0,0,0,0,1,0,0,0,0,0
FIN,2019,1,0,0,0,0,1,0,0,0,0,0
FIN,2020,1,0,0,0,0,1,0,0,0,1,0
FIN,2021,1,0,0,0,0,1,0,0,0,0,0
FIN,2022,1,0,0,0,0,1,0,0,0,0,0
FIN,2023,1,0,0,0,0,1,0,0,0,1,0
FJI,2010,0,1,0,0,1,0,0,1,0,0,0
FJI,2011,0,1,0,0,1,0,0,1,0,0,0
FJI,2012,0,1,0,0,1,0,0,1,0,0,0
FJI,2013,0,1,0,0,1,0,0,1,0,0,0
FJI,2014,0,1,0,0,1,0,0,1,0,0,0
FJI,2015,0,1,0,0,1,0,0,1,0,0,0
FJI,2016,0,1,0,0,1,0,0,1,0,0,0
FJI,2017,0,1,0,0,1,0,0,1,0,0,0
FJI,2018,0,1,0,0,1,0,0,1,0,0,0
FJI,2019,0,1,0,0,1,0,0,1,0,1,0
FJI,2020,0,1,0,0,1,0,0,1,0,1,0
FJI,2021,0,1,0,0,1,0,0,1,0,1,0
FJI,2022,0,1,0,0,1,0,0,1,0,0,0
FJI,2023,0,1,0,0,1,0,0,0,0,0,0
FRA,2010,1,0,0,0,0,1,0,0,0,0,0
FRA,2011,1,0,0,0,0,1,0,0,0,0,0
FRA,2012,1,0,0,0,0,1,0,0,0,0,0
FRA,2013,1,0,0,0,0,1,0,0,0,0,0
FRA,2014,1,0,0,0,0,1,0,0,0,0,0
FRA,2015,1,0,0,0,0,1,0,0,0,0,0
FRA,2016,1,0,0,0,0,1,0,0,0,0,0
FRA,2017,1,0,0,0,0,1,0,0,0,0,0
FRA,2018,1,0,0,0,0,1,0,0,0,0,0
FRA,2019,1,0,0,0,0,1,0,0,0,0,0
FRA,2020,1,0,0,0,0,1,0,0,0,1,0
FRA,2021,1,0,0,0,0,1,0,0,0,0,0
FRA,2022,1,0,0,0,0,1,0,0,0,0,0
FRA,2023,1,0,0,0,0,1,0,0,0,0,0
GAB,2010,0,1,0,0,1,0,0,1,0,0,1
GAB,2011,0,1,0,0,1,0,0,1,0,0,1
GAB,2012,0,1,0,0,1,0,0,1,0,0,1
GAB,2013,0,1,0,0,1,0,0,1,0,0,1
GAB,2014,0,1,0,0,1,0,0,1,0,0,1
GAB,2015,0,1,0,0,1,0,0,1,0,0,1
GAB,2016,0,0,1,0,1,0,0,1,0,0,1
GAB,2017,0,0,1,0,1,0,0,1,0,0,1
GAB,2018,0,0,1,0,1,0,0,1,0,0,1
GAB,2019,0,0,1,0,1,0,0,1,0,0,1
GAB,2020,0,0,1,0,1,0,0,1,0,1,1
GAB,2021,0,0,1,0,1,0,0,1,0,0,1
GAB,2022,0,0,1,0,1,0,0,1,0,0,1
GAB,2023,0,0,1,0,1,0,0,0,0,0,1
GBR,2010,1,0,0,0,0,1,0,0,0,0,0
GBR,2011,1,0,0,0,0,1,0,0,0,0,0
GBR,2012,1,0,0,0,0,1,0,0,0,0,0
GBR,2013,1,0,0,0,0,1,0,0,0,0,0
GBR,2014,1,0,0,0,0,1,0,0,0,0,0
GBR,2015,1,0,0,0,0,1,0,0,0,0,0
GBR,2016,1,0,0,0,0,1,0,0,0,0,0
GBR,2017,1,0,0,0,0,1,0,0,0,0,0
GBR,2018,1,0,0,0,0,1,0,0,0,0,0
GBR,2019,1,0,0,0,0,1,0,0,0,0,0
GBR,2020,1,0,0,0,0,1,0,0,0,1,0
GBR,2021,1,0,0,0,0,1,0,0,0,0,0
GBR,2022,1,0,0,0,0,1,0,0,0,0,0
GBR,2023,1,0,0,0,0,1,0,0,0,0,0
GEO,2010,0,1,0,0,1,0,0,1,0,0,0
GEO,2011,0,1,0,0,1,0,0,1,0,0,0
GEO,2012,0,1,0,0,1,0,0,1,0,0,0
GEO,2013,0,1,0,0,1,0,0,1,0,0,0
GEO,2014,0,1,0,0,1,0,0,1,0,0,0
GEO,2015,0,1,0,0,1,0,0,1,0,0,0
GEO,2016,0,1,0,0,1,0,0,1,0,0,0
GEO,2017,0,1,0,0,1,0,0,1,0,0,0
GEO,2018,0,1,0,0,1,0,0,1,0,0,0
GEO,2019,0,1,0,0,1,0,0,1,0,0,0
GEO,2020,0,1,0,0,1,0,0,1,0,1,0
GEO,2021,1,0,0,0,1,0,0,1,0,0,0
GEO,2022,1,0,0,0,1,0,1,1,0,0,0
GEO,2023,1,0,0,0,1,0,0,0,0,0,0
GHA,2010,0,1,0,1,0,0,1,0,0,0,1
GHA,2011,0,1,0,1,0,0,0,0,0,0,1
GHA,2012,0,1,0,1,0,0,1,0,0,0,1
GHA,2013,0,1,0,1,0,0,1,0,0,0,1
GHA,2014,0,1,0,1,0,0,1,0,0,0,1
GHA,2015,0,1,0,1,0,0,1,0,0,0,1
GHA,2016,0,1,0,1,0,0,1,0,0,0,1
GHA,2017,0,1,0,1,0,0,1,0,0,0,1
GHA,2018,0,1,0,1,0,0,0,0,0,0,1
GHA,2019,0,1,0,1,0,0,0,0,0,0,1
GHA,2020,0,1,0,1,0,0,0,0,0,0,0
GHA,2021,0,1,0,1,0,0,0,0,0,0,0
GHA,2022,0,1,0,1,0,0,1,0,0,0,0
GHA,2023,0,1,0,1,0,0,1,0,0,0,0
GIN,2010,0,0,1,1,0,0,1,0,0,0,1
GIN,2011,0,0,1,1,0,0,1,0,0,0,1
GIN,2012,0,0,1,1,0,0,1,0,0,0,1
GIN,2013,0,1,0,1,0,0,1,0,0,0,1
GIN,2014,0,1,0,1,0,0,0,0,0,0,1
GIN,2015,0,1,0,1,0,0,1,0,0,0,1
GIN,2016,0,1,0,1,0,0,0,0,0,0,1
GIN,2017,0,1,0,1,0,0,0,0,0,0,1
GIN,2018,0,1,0,1,0,0,0,0,0,0,1
GIN,2019,0,1,0,1,0,0,0,0,0,0,1
GIN,2020,0,1,0,1,0,0,1,0,0,0,1
GIN,2021,0,1,0,1,0,0,1,0,0,0,1
GIN,2022,0,1,0,1,0,0,1,0,0,0,1
GIN,2023,0,1,0,1,0,0,0,0,0,0,1
GMB,2010,0,1,0,1,0,0,0,1,0,0,1
GMB,2011,0,1,0,1,0,0,0,1,0,1,1
GMB,2012,0,1,0,1,0,0,0,1,0,0,1
GMB,2013,0,1,0,1,0,0,0,1,0,0,1
GMB,2014,0,1,0,1,0,0,0,1,0,1,1
GMB,2015,0,1,0,1,0,0,0,1,0,0,1
GMB,2016,0,1,0,1,0,0,0,1,0,0,1
GMB,2017,0,1,0,1,0,0,0,1,0,0,1
GMB,2018,0,0,1,1,0,0,0,1,0,0,1
GMB,2019,0,0,1,1,0,0,0,1,0,0,1
GMB,2020,0,0,1,1,0,0,0,1,0,0,1
GMB,2021,0,0,1,1,0,0,0,1,0,0,1
GMB,2022,0,0,1,1,0,0,1,1,0,0,1
GMB,2023,0,0,1,1,0,0,1,0,0,0,1
GNB,2010,0,0,1,1,0,0,0,0,0,0,1
GNB,2011,0,0,1,1,0,0,0,0,0,0,1
GNB,2012,0,0,1,1,0,0,0,0,0,1,1
GNB,2013,0,0,1,1,0,0,0,0,1,0,1
GNB,2014,0,0,1,1,0,0,0,0,1,0,1
GNB,2015,0,0,1,1,0,0,0,0,1,0,1
GNB,2016,0,0,1,1,0,0,0,0,0,0,1
GNB,2017,0,1,0,1,0,0,0,0,0,0,1
GNB,2018,0,1,0,1,0,0,0,0,0,0,1
GNB,2019,0,1,0,1,0,0,0,0,0,0,1
GNB,2020,0,0,1,1,0,0,0,0,0,0,1
GNB,2021,0,0,1,1,0,0,0,0,0,0,1
GNB,2022,0,0,1,1,0,0,0,1,0,0,1
GNB,2023,0,0,1,1,0,0,0,0,0,0,1
GRC,2010,1,0,0,0,0,1,0,0,0,1,0
GRC,2011,1,0,0,0,0,1,0,0,0,1,0
GRC,2012,1,0,0,0,0,1,0,0,0,1,0
GRC,2013,1,0,0,0,0,1,0,0,0,1,0
GRC,2014,1,0,0,0,0,1,0,0,0,0,0
GRC,2015,1,0,0,0,0,1,0,0,0,1,0
GRC,2016,1,0,0,0,0,1,0,0,0,1,0
GRC,2017,1,0,0,0,0,1,0,0,0,0,0
GRC,2018,1,0,0,0,0,1,0,0,0,0,0
GRC,2019,1,0,0,0,0,1,0,0,0,0,0
GRC,2020,1,0,0,0,0,1,0,0,0,1,0
GRC,2021,1,0,0,0,0,1,0,0,0,0,0
GRC,2022,1,0,0,0,0,1,0,0,0,0,0
GRC,2023,1,0,0,0,0,1,0,0,0,0,0
GTM,2010,0,0,1,1,0,0,0,0,0,0,0
GTM,2011,0,0,1,0,1,0,0,0,0,0,0
GTM,2012,0,0,1,0,1,0,0,0,0,0,0
GTM,2013,0,0,1,0,1,0,0,0,0,0,0
GTM,2014,0,0,1,0,1,0,0,0,0,0,0
GTM,2015,0,0,1,0,1,0,0,0,0,0,0
GTM,2016,0,1,0,0,1,0,0,0,0,0,0
GTM,2017,0,1,0,0,1,0,0,0,0,0,0
GTM,2018,0,1,0,0,1,0,0,1,0,0,0
GTM,2019,0,1,0,0,1,0,0,1,0,0,0
GTM,2020,0,1,0,0,1,0,0,1,0,1,0
GTM,2021,0,1,0,0,1,0,0,1,0,0,0
GTM,2022,0,1,0,0,1,0,0,1,0,0,0
GTM,2023,0,1,0,0,1,0,0,0,0,0,0
GUY,2010,0,1,0,0,1,0,0,0,0,0,0
GUY,2011,0,1,0,0,1,0,0,0,0,0,0
GUY,2012,0,1,0,0,1,0,0,0,0,0,0
GUY,2013,0,1,0,0,1,0,0,0,0,0,0
GUY,2014,0,1,0,0,1,0,0,0,0,0,0
GUY,2015,1,0,0,0,1,0,0,0,0,0,0
GUY,2016,1,0,0,0,1,0,0,0,0,0,0
GUY,2017,1,0,0,0,1,0,0,0,0,0,0
GUY,2018,1,0,0,0,1,0,0,0,0,0,1
GUY,2019,1,0,0,0,1,0,0,0,0,0,1
GUY,2020,1,0,0,0,1,0,0,0,0,0,0
GUY,2021,1,0,0,0,1,0,0,0,0,0,0
GUY,2022,1,0,0,0,0,1,0,0,0,0,0
GUY,2023,1,0,0,0,0,1,0,0,0,0,0
HKG,2010,1,0,0,0,0,1,0,1,0,0,0
HKG,2011,1,0,0,0,0,1,0,1,0,0,0
HKG,2012,1,0,0,0,0,1,0,1,0,0,0
HKG,2013,1,0,0,0,0,1,0,1,0,0,0
HKG,2014,1,0,0,0,0,1,0,1,0,0,0
HKG,2015,1,0,0,0,0,1,0,1,0,0,0
HKG,2016,1,0,0,0,0,1,0,1,0,0,0
HKG,2017,1,0,0,0,0,1,0,1,0,0,0
HKG,2018,1,0,0,0,0,1,0,1,0,0,0
HKG,2019,1,0,0,0,0,1,0,1,0,1,0
HKG,2020,1,0,0,0,0,1,0,1,0,1,0
HKG,2021,1,0,0,0,0,1,0,1,0,0,0
HKG,2022,1,0,0,0,0,1,0,1,0,1,0
HKG,2023,1,0,0,0,0,1,0,0,0,0,1
HND,2010,0,1,0,1,0,0,0,1,0,0,1
HND,2011,0,1,0,1,0,0,0,1,0,0,1
HND,2012,0,1,0,1,0,0,0,1,0,0,1
HND,2013,0,1,0,1,0,0,0,1,0,0,0
HND,2014,0,1,0,1,0,0,0,1,0,0,0
HND,2015,0,1,0,1,0,0,0,1,0,0,0
HND,2016,0,1,0,1,0,0,0,1,0,0,0
HND,2017,0,1,0,1,0,0,0,1,0,0,0
HND,2018,0,1,0,1,0,0,0,1,0,0,0
HND,2019,0,1,0,1,0,0,0,1,0,0,0
HND,2020,0,1,0,1,0,0,0,1,0,1,0
HND,2021,0,1,0,1,0,0,0,1,0,0,0
HND,2022,0,1,0,0,1,0,0,1,0,0,0
HND,2023,0,1,0,0,1,0,0,0,0,0,0
HRV,2010,1,0,0,0,0,1,0,0,0,1,0
HRV,2011,1,0,0,0,0,1,0,0,0,1,0
HRV,2012,1,0,0,0,0,1,0,0,0,1,0
HRV,2013,1,0,0,0,0,1,0,0,0,1,0
HRV,2014,1,0,0,0,0,1,0,0,0,1,0
HRV,2015,1,0,0,0,0,1,0,0,0,0,0
HRV,2016,1,0,0,0,0,1,0,0,0,0,0
HRV,2017,1,0,0,0,0,1,0,0,0,0,0
HRV,2018,1,0,0,0,0,1,0,0,0,0,0
HRV,2019,1,0,0,0,0,1,0,0,0,0,0
HRV,2020,1,0,0,0,0,1,0,0,0,1,0
HRV,2021,1,0,0,0,0,1,0,0,0,0,0
HRV,2022,1,0,0,0,0,1,1,0,0,0,0
HRV,2023,1,0,0,0,0,1,0,0,0,0,0
HTI,2010,0,0,1,1,0,0,0,1,1,1,0
HTI,2011,0,0,1,1,0,0,0,1,1,0,0
HTI,2012,0,0,1,1,0,0,0,1,1,0,0
HTI,2013,0,0,1,1,0,0,0,1,1,0,0
HTI,2014,0,0,1,1,0,0,0,1,1,0,0
HTI,2015,0,0,1,1,0,0,0,1,1,0,0
HTI,2016,0,0,1,1,0,0,1,1,1,0,0
HTI,2017,0,0,1,1,0,0,1,1,1,0,0
HTI,2018,0,0,1,1,0,0,1,1,1,0,0
HTI,2019,0,0,1,1,0,0,1,1,1,1,0
HTI,2020,0,0,1,1,0,0,1,1,1,1,0
HTI,2021,0,0,1,1,0,0,1,1,1,1,0
HTI,2022,0,0,1,1,0,0,1,1,1,1,0
HTI,2023,0,0,1,1,0,0,1,0,1,1,0
HUN,2010,1,0,0,0,0,1,0,0,0,0,0
HUN,2011,1,0,0,0,0,1,0,0,0,0,0
HUN,2012,1,0,0,0,0,1,0,0,0,1,0
HUN,2013,1,0,0,0,0,1,0,0,0,0,0
HUN,2014,1,0,0,0,0,1,0,0,0,0,0
HUN,2015,1,0,0,0,0,1,0,0,0,0,0
HUN,2016,1,0,0,0,0,1,0,0,0,0,0
HUN,2017,1,0,0,0,0,1,0,0,0,0,0
HUN,2018,1,0,0,0,0,1,0,0,0,0,0
HUN,2019,1,0,0,0,0,1,0,0,0,0,0
HUN,2020,1,0,0,0,0,1,0,0,0,1,0
HUN,2021,1,0,0,0,0,1,0,0,0,0,0
HUN,2022,1,0,0,0,0,1,1,0,0,0,0
HUN,2023,1,0,0,0,0,1,1,0,0,1,0
IDN,2010,0,1,0,0,1,0,0,0,0,0,0
IDN,2011,0,1,0,0,1,0,0,0,0,0,0
IDN,2012,0,1,0,0,1,0,0,0,0,0,0
IDN,2013,0,1,0,0,1,0,0,0,0,0,0
IDN,2014,0,1,0,0,1,0,0,0,0,0,0
IDN,2015,0,1,0,0,1,0,0,0,0,0,0
IDN,2016,0,1,0,0,1,0,0,0,0,0,0
IDN,2017,0,1,0,0,1,0,0,0,0,0,0
IDN,2018,0,1,0,0,1,0,0,0,0,0,0
IDN,2019,0,1,0,0,1,0,0,0,0,0,0
IDN,2020,0,1,0,0,1,0,0,0,0,1,0
IDN,2021,0,1,0,0,1,0,0,0,0,0,0
IDN,2022,0,1,0,0,1,0,0,0,0,0,0
IDN,2023,0,1,0,0,1,0,0,0,0,0,0
IND,2010,0,1,0,1,0,0,1,0,0,0,0
IND,2011,0,1,0,1,0,0,0,0,0,0,0
IND,2012,0,1,0,1,0,0,0,0,0,0,0
IND,2013,0,1,0,1,0,0,1,0,0,0,0
IND,2014,0,1,0,1,0,0,0,0,0,0,0
IND,2015,0,1,0,1,0,0,0,0,0,0,0
IND,2016,0,1,0,1,0,0,0,0,0,0,0
IND,2017,0,1,0,1,0,0,0,0,0,0,0
IND,2018,0,1,0,1,0,0,0,0,0,0,0
IND,2019,0,1,0,1,0,0,0,0,0,0,0
IND,2020,0,1,0,1,0,0,0,0,0,1,0
IND,2021,0,1,0,1,0,0,0,0,0,0,0
IND,2022,0,1,0,1,0,0,0,0,0,0,0
IND,2023,0,1,0,1,0,0,0,0,0,0,0
IRL,2010,1,0,0,0,0,1,0,0,0,0,0
IRL,2011,1,0,0,0,0,1,0,0,0,0,0
IRL,2012,1,0,0,0,0,1,0,0,0,1,0
IRL,2013,1,0,0,0,0,1,0,0,0,0,0
IRL,2014,1,0,0,0,0,1,0,0,0,0,0
IRL,2015,1,0,0,0,0,1,0,0,0,0,0
IRL,2016,1,0,0,0,0,1,0,0,0,0,0
IRL,2017,1,0,0,0,0,1,0,1,0,0,0
IRL,2018,1,0,0,0,0,1,0,1,0,0,0
IRL,2019,1,0,0,0,0,1,0,1,0,0,0
IRL,2020,1,0,0,0,0,1,0,1,0,0,0
IRL,2021,1,0,0,0,0,1,0,1,0,0,0
IRL,2022,1,0,0,0,0,1,0,1,0,0,0
IRL,2023,1,0,0,0,0,1,0,0,0,1,0
IRN,2010,0,1,0,0,1,0,1,0,0,0,0
IRN,2011,0,1,0,0,1,0,1,0,0,0,0
IRN,2012,0,1,0,0,1,0,1,0,0,1,0
IRN,2013,0,1,0,0,1,0,1,0,0,1,0
IRN,2014,0,1,0,0,1,0,1,0,0,0,0
IRN,2015,0,1,0,0,1,0,1,0,0,1,0
IRN,2016,0,1,0,0,1,0,0,0,0,0,0
IRN,2017,0,1,0,0,1,0,0,0,0,0,0
IRN,2018,0,1,0,0,1,0,1,0,0,1,0
IRN,2019,0,1,0,0,1,0,1,0,0,1,0
IRN,2020,0,1,0,0,1,0,1,0,0,0,0
IRN,2021,0,1,0,0,1,0,1,0,0,0,0
IRN,2022,0,1,0,0,1,0,1,0,0,0,0
IRN,2023,0,1,0,0,1,0,1,0,0,0,0
IRQ,2010,0,1,0,0,1,0,0,1,0,0,1
IRQ,2011,0,1,0,0,1,0,0,1,0,0,1
IRQ,2012,0,1,0,0,1,0,0,0,0,0,1
IRQ,2013,0,1,0,0,1,0,0,1,0,0,1
IRQ,2014,0,0,1,0,1,0,0,1,0,0,1
IRQ,2015,0,0,1,0,1,0,0,0,0,0,1
IRQ,2016,0,0,1,0,1,0,0,0,0,0,1
IRQ,2017,0,0,1,0,1,0,0,1,0,1,1
IRQ,2018,0,0,1,0,1,0,0,1,0,0,1
IRQ,2019,0,0,1,0,1,0,0,1,0,0,1
IRQ,2020,0,0,1,0,1,0,0,0,0,1,1
IRQ,2021,0,0,1,0,1,0,0,1,0,0,1
IRQ,2022,0,0,1,0,1,0,0,1,0,0,1
IRQ,2023,0,1,0,0,1,0,0,0,0,0,1
ISL,2010,1,0,0,0,0,1,0,0,0,1,0
ISL,2011,1,0,0,0,0,1,0,0,0,0,0
ISL,2012,1,0,0,0,0,1,0,0,0,0,0
ISL,2013,1,0,0,0,0,1,0,0,0,0,0
ISL,2014,1,0,0,0,0,1,0,0,0,0,0
ISL,2015,1,0,0,0,0,1,0,1,0,0,0
ISL,2016,1,0,0,0,0,1,0,1,0,0,0
ISL,2017,1,0,0,0,0,1,0,1,0,0,1
ISL,2018,1,0,0,0,0,1,0,1,0,0,1
ISL,2019,1,0,0,0,0,1,0,1,0,0,1
ISL,2020,1,0,0,0,0,1,0,1,0,1,0
ISL,2021,1,0,0,0,0,1,0,1,0,0,0
ISL,2022,1,0,0,0,0,1,0,1,0,0,1
ISL,2023,1,0,0,0,0,1,0,0,0,0,0
ISR,2010,1,0,0,0,0,1,0,1,0,0,0
ISR,2011,1,0,0,0,0,1,0,1,0,0,0
ISR,2012,1,0,0,0,0,1,0,1,0,0,0
ISR,2013,1,0,0,0,0,1,0,1,0,0,0
ISR,2014,1,0,0,0,0,1,0,1,0,0,0
ISR,2015,1,0,0,0,0,1,0,1,0,0,0
ISR,2016,1,0,0,0,0,1,0,1,0,0,0
ISR,2017,1,0,0,0,0,1,0,1,0,0,0
ISR,2018,1,0,0,0,0,1,0,1,0,0,0
ISR,2019,1,0,0,0,0,1,0,1,0,0,0
ISR,2020,1,0,0,0,0,1,0,1,0,1,0
ISR,2021,1,0,0,0,0,1,0,1,0,0,0
ISR,2022,1,0,0,0,0,1,0,1,0,0,0
ISR,2023,1,0,0,0,0,1,0,0,0,0,1
ITA,2010,1,0,0,0,0,1,0,0,0,0,0
ITA,2011,1,0,0,0,0,1,0,0,0,0,0
ITA,2012,1,0,0,0,0,1,0,0,0,1,0
ITA,2013,1,0,0,0,0,1,0,0,0,1,0
ITA,2014,1,0,0,0,0,1,0,0,0,1,0
ITA,2015,1,0,0,0,0,1,0,0,0,0,0
ITA,2016,1,0,0,0,0,1,0,0,0,0,0
ITA,2017,1,0,0,0,0,1,0,0,0,0,0
ITA,2018,1,0,0,0,0,1,0,0,0,0,0
ITA,2019,1,0,0,0,0,1,0,0,0,0,0
ITA,2020,1,0,0,0,0,1,0,0,0,1,0
ITA,2021,1,0,0,0,0,1,0,0,0,0,0
ITA,2022,1,0,0,0,0,1,0,0,0,0,0
ITA,2023,1,0,0,0,0,1,0,0,0,0,0
JAM,2010,0,1,0,0,1,0,1,1,0,1,0
JAM,2011,0,1,0,0,1,0,0,1,0,0,0
JAM,2012,0,1,0,0,1,0,0,1,0,1,0
JAM,2013,0,1,0,0,1,0,0,1,0,0,0
JAM,2014,0,1,0,0,1,0,0,1,0,0,0
JAM,2015,0,1,0,0,1,0,0,1,0,0,0
JAM,2016,0,1,0,0,1,0,0,1,0,0,0
JAM,2017,0,1,0,0,1,0,0,1,0,0,0
JAM,2018,0,1,0,0,1,0,0,1,0,0,0
JAM,2019,0,1,0,0,1,0,0,1,0,0,0
JAM,2020,0,1,0,0,1,0,0,1,0,1,0
JAM,2021,0,1,0,0,1,0,0,1,0,0,0
JAM,2022,0,1,0,0,1,0,1,1,0,0,0
JAM,2023,0,1,0,0,1,0,0,0,0,0,0
JOR,2010,0,1,0,0,1,0,0,1,0,0,1
JOR,2011,0,1,0,0,1,0,0,1,0,0,1
JOR,2012,0,1,0,0,1,0,0,1,0,0,0
JOR,2013,0,1,0,0,1,0,0,1,0,0,1
JOR,2014,0,1,0,0,1,0,0,1,0,0,1
JOR,2015,0,1,0,0,1,0,0,1,0,0,1
JOR,2016,0,1,0,0,1,0,0,1,0,0,1
JOR,2017,0,1,0,0,1,0,0,1,0,0,1
JOR,2018,0,1,0,0,1,0,0,1,0,0,1
JOR,2019,0,1,0,0,1,0,0,1,0,0,0
JOR,2020,0,0,1,0,1,0,0,1,0,1,0
JOR,2021,0,0,1,0,1,0,0,1,0,0,0
JOR,2022,0,0,1,0,1,0,0,1,0,0,0
JOR,2023,0,1,0,0,1,0,0,0,0,0,0
KAZ,2010,1,0,0,0,1,0,0,1,0,0,0
KAZ,2011,1,0,0,0,0,1,0,1,0,0,0
KAZ,2012,1,0,0,0,0,1,0,1,0,0,0
KAZ,2013,1,0,0,0,0,1,0,0,0,0,0
KAZ,2014,1,0,0,0,0,1,0,0,0,0,0
KAZ,2015,1,0,0,0,1,0,0,0,0,0,0
KAZ,2016,1,0,0,0,1,0,1,0,0,0,0
KAZ,2017,1,0,0,0,1,0,0,0,0,0,0
KAZ,2018,1,0,0,0,1,0,0,0,0,0,0
KAZ,2019,1,0,0,0,1,0,0,0,0,0,0
KAZ,2020,1,0,0,0,1,0,0,0,0,1,0
KAZ,2021,1,0,0,0,1,0,0,0,0,0,0
KAZ,2022,1,0,0,0,0,1,1,0,0,0,0
KAZ,2023,1,0,0,0,0,1,1,0,0,0,0
KEN,2010,0,0,1,1,0,0,0,0,0,0,1
KEN,2011,0,0,1,1,0,0,1,0,0,0,1
KEN,2012,0,0,1,1,0,0,0,0,0,0,1
KEN,2013,0,0,1,1,0,0,0,0,0,0,1
KEN,2014,0,0,1,1,0,0,0,0,0,0,1
KEN,2015,0,0,1,1,0,0,0,0,0,0,1
KEN,2016,0,0,1,1,0,0,0,1,1,0,1
KEN,2017,0,0,1,1,0,0,0,1,1,0,1
KEN,2018,0,0,1,1,0,0,0,0,0,0,1
KEN,2019,0,0,1,1,0,0,0,0,0,0,0
KEN,2020,0,0,1,1,0,0,0,0,1,1,0
KEN,2021,0,0,1,1,0,0,0,0,1,0,0
KEN,2022,0,0,1,1,0,0,0,0,1,0,0
KEN,2023,0,0,1,1,0,0,0,0,1,0,0
KGZ,2010,0,1,0,1,0,0,0,0,0,1,0
KGZ,2011,0,1,0,1,0,0,1,0,0,0,0
KGZ,2012,0,1,0,1,0,0,0,0,0,1,0
KGZ,2013,0,1,0,1,0,0,0,0,0,0,1
KGZ,2014,0,1,0,1,0,0,0,0,0,0,1
KGZ,2015,0,1,0,1,0,0,0,0,0,0,1
KGZ,2016,0,1,0,1,0,0,0,0,0,0,1
KGZ,2017,0,1,0,1,0,0,0,0,0,0,1
KGZ,2018,0,1,0,1,0,0,0,0,0,0,1
KGZ,2019,1,0,0,1,0,0,0,0,0,0,1
KGZ,2020,0,1,0,1,0,0,0,0,0,1,1
KGZ,2021,0,1,0,1,0,0,1,0,0,0,0
KGZ,2022,0,1,0,1,0,0,1,0,0,0,0
KGZ,2023,0,1,0,1,0,0,1,0,0,0,0
KHM,2010,0,1,0,1,0,0,0,0,0,0,0
KHM,2011,0,1,0,1,0,0,0,0,0,0,0
KHM,2012,0,1,0,1,0,0,0,0,0,0,0
KHM,2013,0,1,0,1,0,0,0,0,0,0,0
KHM,2014,0,1,0,1,0,0,0,0,0,0,0
KHM,2015,0,1,0,1,0,0,0,0,0,0,0
KHM,2016,0,1,0,1,0,0,0,0,0,0,0
KHM,2017,0,1,0,1,0,0,0,0,0,0,0
KHM,2018,0,1,0,1,0,0,0,0,0,0,0
KHM,2019,0,1,0,1,0,0,0,0,0,0,0
KHM,2020,0,1,0,1,0,0,0,0,0,1,0
KHM,2021,0,1,0,1,0,0,0,0,0,0,0
KHM,2022,0,1,0,1,0,0,0,0,0,0,0
KHM,2023,0,1,0,1,0,0,0,0,0,0,0
KIR,2010,1,0,0,1,0,0,0,0,0,0,1
KIR,2011,1,0,0,1,0,0,0,0,0,0,0
KIR,2012,1,0,0,1,0,0,0,0,0,0,0
KIR,2013,1,0,0,1,0,0,0,0,0,0,0
KIR,2014,1,0,0,1,0,0,0,0,0,0,0
KIR,2015,1,0,0,1,0,0,0,0,0,0,0
KIR,2016,1,0,0,1,0,0,0,0,0,0,0
KIR,2017,1,0,0,1,0,0,0,0,0,0,0
KIR,2018,1,0,0,1,0,0,0,0,0,0,0
KIR,2019,1,0,0,1,0,0,0,0,0,0,0
KIR,2020,1,0,0,1,0,0,0,0,0,1,0
KIR,2021,1,0,0,1,0,0,0,0,0,0,0
KIR,2022,1,0,0,1,0,0,0,0,0,0,0
KIR,2023,1,0,0,1,0,0,0,0,0,0,0
KOR,2010,1,0,0,0,0,1,0,1,0,0,0
KOR,2011,1,0,0,0,0,1,0,1,0,0,0
KOR,2012,1,0,0,0,0,1,0,1,0,0,0
KOR,2013,1,0,0,0,0,1,0,1,0,0,0
KOR,2014,1,0,0,0,0,1,0,1,0,0,0
KOR,2015,1,0,0,0,0,1,0,1,0,0,0
KOR,2016,1,0,0,0,0,1,0,1,0,0,0
KOR,2017,1,0,0,0,0,1,0,1,0,0,0
KOR,2018,1,0,0,0,0,1,0,1,0,0,0
KOR,2019,1,0,0,0,0,1,0,1,0,0,0
KOR,2020,1,0,0,0,0,1,0,1,0,1,0
KOR,2021,1,0,0,0,0,1,0,1,0,0,0
KOR,2022,1,0,0,0,0,1,0,1,0,0,0
KOR,2023,1,0,0,0,0,1,0,0,0,0,0
KWT,2010,1,0,0,0,0,1,0,1,0,1,1
KWT,2011,1,0,0,0,0,1,0,1,0,0,1
KWT,2012,1,0,0,0,0,1,0,1,0,0,1
KWT,2013,1,0,0,0,0,1,0,1,0,0,1
KWT,2014,1,0,0,0,0,1,0,1,0,0,1
KWT,2015,1,0,0,0,0,1,0,1,0,0,1
KWT,2016,1,0,0,0,0,1,0,1,0,0,1
KWT,2017,1,0,0,0,0,1,0,1,0,1,1
KWT,2018,1,0,0,0,0,1,0,1,0,0,1
KWT,2019,1,0,0,0,0,1,0,1,0,0,1
KWT,2020,1,0,0,0,0,1,0,1,0,1,0
KWT,2021,1,0,0,0,0,1,0,1,0,0,0
KWT,2022,1,0,0,0,0,1,0,1,0,0,1
KWT,2023,1,0,0,0,0,1,0,0,0,1,1
LBN,2010,1,0,0,0,1,0,0,1,0,0,0
LBN,2011,1,0,0,0,1,0,0,1,0,0,0
LBN,2012,1,0,0,0,1,0,0,1,0,0,1
LBN,2013,1,0,0,0,1,0,0,1,0,0,1
LBN,2014,0,1,0,0,1,0,0,1,0,0,1
LBN,2015,0,1,0,0,1,0,0,1,0,0,0
LBN,2016,0,1,0,0,1,0,0,1,0,0,0
LBN,2017,0,1,0,0,1,0,0,1,0,0,0
LBN,2018,0,1,0,0,1,0,0,1,0,1,0
LBN,2019,0,1,0,0,1,0,0,1,0,1,0
LBN,2020,0,1,0,0,1,0,1,1,0,1,0
LBN,2021,0,1,0,0,1,0,1,1,0,1,0
LBN,2022,0,1,0,0,1,0,1,1,0,1,0
LBN,2023,0,1,0,0,1,0,1,0,0,1,0
LBR,2010,0,0,1,1,0,0,0,1,1,0,1
LBR,2011,0,0,1,1,0,0,0,1,1,0,1
LBR,2012,0,0,1,1,0,0,0,1,1,0,1
LBR,2013,0,0,1,1,0,0,0,1,1,0,1
LBR,2014,0,0,1,1,0,0,0,1,1,0,1
LBR,2015,0,0,1,1,0,0,0,1,1,1,1
LBR,2016,0,0,1,1,0,0,0,1,1,1,1
LBR,2017,0,0,1,1,0,0,1,1,1,0,0
LBR,2018,0,0,1,1,0,0,1,1,1,0,0
LBR,2019,0,0,1,1,0,0,1,1,1,1,0
LBR,2020,0,0,1,1,0,0,1,1,1,1,1
LBR,2021,0,0,1,1,0,0,0,1,1,0,1
LBR,2022,0,0,1,1,0,0,0,1,1,0,1
LBR,2023,0,0,1,1,0,0,1,0,1,0,1
LBY,2010,0,1,0,0,0,1,0,0,0,0,1
LBY,2011,0,1,0,0,1,0,1,1,0,1,0
LBY,2012,0,1,0,0,0,1,0,1,0,0,0
LBY,2013,0,1,0,0,0,1,0,1,0,1,1
LBY,2014,0,1,0,0,1,0,0,1,0,1,0
LBY,2015,0,1,0,0,1,0,1,1,0,1,0
LBY,2016,0,1,0,0,1,0,1,1,0,1,0
LBY,2017,0,1,0,0,1,0,1,1,0,0,0
LBY,2018,0,1,0,0,0,1,1,1,0,0,0
LBY,2019,0,1,0,0,1,0,0,1,0,1,0
LBY,2020,0,1,0,0,1,0,0,1,0,1,0
LBY,2021,0,0,1,0,1,0,0,1,0,0,0
LBY,2022,0,0,1,0,1,0,0,1,0,1,0
LBY,2023,0,0,1,0,1,0,0,0,0,0,0
LKA,2010,0,1,0,1,0,0,0,0,0,0,0
LKA,2011,0,1,0,0,1,0,0,0,0,0,0
LKA,2012,0,1,0,0,1,0,0,0,0,0,0
LKA,2013,0,1,0,0,1,0,0,0,0,0,0
LKA,2014,0,1,0,0,1,0,0,0,0,0,0
LKA,2015,1,0,0,0,1,0,0,0,0,0,0
LKA,2016,1,0,0,0,1,0,0,0,0,0,0
LKA,2017,0,1,0,0,1,0,0,0,0,0,0
LKA,2018,0,1,0,0,1,0,0,0,0,0,0
LKA,2019,1,0,0,0,1,0,0,0,0,1,0
LKA,2020,1,0,0,0,1,0,0,0,0,1,0
LKA,2021,1,0,0,0,1,0,0,0,0,0,0
LKA,2022,0,1,0,0,1,0,1,0,0,1,0
LKA,2023,0,1,0,0,1,0,1,0,0,1,0
LTU,2010,1,0,0,0,0,1,0,0,0,0,0
LTU,2011,1,0,0,0,0,1,0,0,0,0,0
LTU,2012,1,0,0,0,0,1,0,0,0,0,0
LTU,2013,1,0,0,0,0,1,0,0,0,0,0
LTU,2014,1,0,0,0,0,1,0,0,0,0,0
LTU,2015,1,0,0,0,0,1,0,0,0,0,0
LTU,2016,1,0,0,0,0,1,0,0,0,0,0
LTU,2017,1,0,0,0,0,1,0,0,0,0,0
LTU,2018,1,0,0,0,0,1,0,0,0,0,0
LTU,2019,1,0,0,0,0,1,0,0,0,0,0
LTU,2020,1,0,0,0,0,1,0,0,0,0,0
LTU,2021,1,0,0,0,0,1,0,0,0,0,0
LTU,2022,1,0,0,0,0,1,1,0,0,0,0
LTU,2023,1,0,0,0,0,1,0,0,0,0,0
LUX,2010,1,0,0,0,0,1,0,0,0,0,0
LUX,2011,1,0,0,0,0,1,0,0,0,0,1
LUX,2012,1,0,0,0,0,1,0,0,0,0,1
LUX,2013,1,0,0,0,0,1,0,0,0,0,1
LUX,2014,1,0,0,0,0,1,0,0,0,0,1
LUX,2015,1,0,0,0,0,1,0,0,0,0,1
LUX,2016,1,0,0,0,0,1,0,0,0,0,1
LUX,2017,1,0,0,0,0,1,0,0,0,0,1
LUX,2018,1,0,0,0,0,1,0,0,0,0,0
LUX,2019,1,0,0,0,0,1,0,0,0,0,0
LUX,2020,1,0,0,0,0,1,0,0,0,1,0
LUX,2021,1,0,0,0,0,1,0,0,0,0,0
LUX,2022,1,0,0,0,0,1,0,0,0,1,1
LUX,2023,1,0,0,0,0,1,0,0,0,0,1
LVA,2010,1,0,0,0,0,1,0,0,0,1,0
LVA,2011,1,0,0,0,0,1,0,0,0,0,0
LVA,2012,1,0,0,0,0,1,0,0,0,0,0
LVA,2013,1,0,0,0,0,1,0,0,0,0,0
LVA,2014,1,0,0,0,0,1,0,0,0,0,0
LVA,2015,1,0,0,0,0,1,0,0,0,0,0
LVA,2016,1,0,0,0,0,1,0,0,0,0,0
LVA,2017,1,0,0,0,0,1,0,0,0,0,0
LVA,2018,1,0,0,0,0,1,0,0,0,0,0
LVA,2019,1,0,0,0,0,1,0,0,0,0,0
LVA,2020,1,0,0,0,0,1,0,0,0,1,0
LVA,2021,1,0,0,0,0,1,0,0,0,0,0
LVA,2022,1,0,0,0,0,1,1,0,0,0,0
LVA,2023,1,0,0,0,0,1,0,0,0,1,0
MAC,2010,0,1,0,0,0,1,0,0,0,0,0
MAC,2011,0,1,0,0,0,1,0,0,0,0,1
MAC,2012,0,1,0,0,0,1,0,0,0,0,1
MAC,2013,0,1,0,0,0,1,0,0,0,0,1
MAC,2014,0,1,0,0,0,1,0,0,0,1,1
MAC,2015,0,1,0,0,0,1,0,0,0,1,1
MAC,2016,0,1,0,0,0,1,0,0,0,1,0
MAC,2017,0,1,0,0,0,1,0,0,0,0,0
MAC,2018,0,1,0,0,0,1,0,0,0,0,0
MAC,2019,0,1,0,0,0,1,0,0,0,1,0
MAC,2020,0,1,0,0,0,1,0,0,0,1,0
MAC,2021,0,1,0,0,0,1,0,0,0,0,0
MAC,2022,0,1,0,0,0,1,0,0,0,1,0
MAC,2023,0,1,0,0,0,1,0,0,0,0,0
MAR,2010,1,0,0,0,1,0,0,0,0,0,0
MAR,2011,1,0,0,0,1,0,0,1,0,0,0
MAR,2012,1,0,0,0,1,0,0,0,0,0,0
MAR,2013,1,0,0,0,1,0,0,1,0,0,0
MAR,2014,1,0,0,0,1,0,0,0,0,0,0
MAR,2015,1,0,0,0,1,0,0,1,0,0,0
MAR,2016,1,0,0,0,1,0,0,1,0,0,0
MAR,2017,1,0,0,0,1,0,0,1,0,0,0
MAR,2018,1,0,0,0,1,0,0,1,0,0,0
MAR,2019,1,0,0,0,1,0,0,1,0,0,0
MAR,2020,0,1,0,0,1,0,0,1,0,1,0
MAR,2021,0,1,0,0,1,0,0,1,0,0,0
MAR,2022,0,1,0,0,1,0,0,1,0,0,0
MAR,2023,0,1,0,0,1,0,0,0,0,0,0
MDA,2010,0,1,0,1,0,0,0,0,0,0,0
MDA,2011,0,1,0,0,1,0,0,0,0,0,0
MDA,2012,0,1,0,0,1,0,0,0,0,1,0
MDA,2013,1,0,0,0,1,0,0,0,0,0,0
MDA,2014,1,0,0,0,1,0,0,0,0,0,0
MDA,2015,1,0,0,1,0,0,0,0,0,1,0
MDA,2016,1,0,0,0,1,0,0,0,0,0,0
MDA,2017,1,0,0,0,1,0,0,0,0,0,0
MDA,2018,1,0,0,0,1,0,0,0,0,0,0
MDA,2019,1,0,0,0,1,0,0,0,0,0,0
MDA,2020,1,0,0,0,1,0,0,0,0,1,0
MDA,2021,1,0,0,0,1,0,0,1,0,0,0
MDA,2022,1,0,0,0,1,0,1,1,0,1,0
MDA,2023,1,0,0,0,1,0,1,0,0,0,0
MDG,2010,0,0,1,1,0,0,0,0,1,0,1
MDG,2011,0,0,1,1,0,0,0,0,1,0,1
MDG,2012,0,0,1,1,0,0,0,0,1,0,1
MDG,2013,0,0,1,1,0,0,0,0,1,0,1
MDG,2014,0,0,1,1,0,0,0,0,1,0,1
MDG,2015,0,0,1,1,0,0,0,0,1,0,1
MDG,2016,0,0,1,1,0,0,0,0,1,0,1
MDG,2017,0,0,1,1,0,0,0,0,1,0,1
MDG,2018,0,0,1,1,0,0,0,0,1,0,1
MDG,2019,0,0,1,1,0,0,0,0,1,0,1
MDG,2020,0,0,1,1,0,0,0,0,1,1,1
MDG,2021,0,0,1,1,0,0,0,0,1,0,1
MDG,2022,0,0,1,1,0,0,0,0,1,0,1
MDG,2023,0,0,1,1,0,0,0,0,1,0,1
MEX,2010,1,0,0,0,1,0,0,0,0,0,0
MEX,2011,1,0,0,0,0,1,0,0,0,0,0
MEX,2012,1,0,0,0,0,1,0,0,0,0,0
MEX,2013,1,0,0,0,0,1,0,0,0,0,0
MEX,2014,1,0,0,0,0,1,0,0,0,0,0
MEX,2015,1,0,0,0,1,0,0,0,0,0,0
MEX,2016,1,0,0,0,1,0,0,0,0,0,0
MEX,2017,1,0,0,0,1,0,0,0,0,0,0
MEX,2018,1,0,0,0,1,0,0,0,0,0,0
MEX,2019,1,0,0,0,1,0,0,0,0,1,0
MEX,2020,1,0,0,0,1,0,0,0,0,1,0
MEX,2021,1,0,0,0,1,0,0,0,0,0,0
MEX,2022,1,0,0,0,0,1,0,0,0,0,0
MEX,2023,1,0,0,0,0,1,0,0,0,0,0
MKD,2010,1,0,0,0,1,0,0,0,0,0,0
MKD,2011,1,0,0,0,1,0,0,0,0,0,0
MKD,2012,1,0,0,0,1,0,0,0,0,1,0
MKD,2013,1,0,0,0,1,0,0,0,0,0,0
MKD,2014,1,0,0,0,1,0,0,0,0,0,0
MKD,2015,1,0,0,0,1,0,0,0,0,0,0
MKD,2016,1,0,0,0,1,0,0,0,0,0,0
MKD,2017,1,0,0,0,1,0,0,0,0,0,0
MKD,2018,1,0,0,0,1,0,0,0,0,0,0
MKD,2019,1,0,0,0,1,0,0,0,0,0,0
MKD,2020,1,0,0,0,1,0,0,0,0,1,0
MKD,2021,1,0,0,0,1,0,0,0,0,0,0
MKD,2022,1,0,0,0,1,0,1,0,0,0,0
MKD,2023,1,0,0,0,1,0,0,0,0,0,0
MLI,2010,0,1,0,1,0,0,0,0,0,0,1
MLI,2011,0,1,0,1,0,0,0,0,0,0,1
MLI,2012,0,1,0,1,0,0,0,0,0,1,1
MLI,2013,0,1,0,1,0,0,0,0,0,0,1
MLI,2014,0,1,0,1,0,0,0,0,0,0,1
MLI,2015,1,0,0,1,0,0,0,0,0,0,1
MLI,2016,1,0,0,1,0,0,0,0,0,0,1
MLI,2017,1,0,0,1,0,0,0,0,0,0,1
MLI,2018,1,0,0,1,0,0,0,0,0,0,1
MLI,2019,1,0,0,1,0,0,0,0,0,0,1
MLI,2020,1,0,0,1,0,0,0,0,0,1,1
MLI,2021,0,1,0,1,0,0,0,0,0,0,1
MLI,2022,0,1,0,1,0,0,0,0,0,0,1
MLI,2023,0,1,0,1,0,0,0,0,0,0,1
MLT,2010,1,0,0,0,0,1,0,1,0,0,0
MLT,2011,1,0,0,0,0,1,0,1,0,0,0
MLT,2012,1,0,0,0,0,1,0,1,0,0,0
MLT,2013,1,0,0,0,0,1,0,1,0,0,0
MLT,2014,1,0,0,0,0,1,0,1,0,0,1
MLT,2015,1,0,0,0,0,1,0,1,0,0,1
MLT,2016,1,0,0,0,0,1,0,1,0,0,1
MLT,2017,1,0,0,0,0,1,0,1,0,0,1
MLT,2018,1,0,0,0,0,1,0,1,0,0,1
MLT,2019,1,0,0,0,0,1,0,1,0,0,1
MLT,2020,1,0,0,0,0,1,0,1,0,1,1
MLT,2021,1,0,0,0,0,1,0,1,0,0,0
MLT,2022,1,0,0,0,0,1,0,1,0,0,1
MLT,2023,1,0,0,0,0,1,0,0,0,0,1
MMR,2010,0,1,0,1,0,0,0,0,0,0,0
MMR,2011,0,1,0,1,0,0,0,0,0,0,0
MMR,2012,0,1,0,1,0,0,0,0,0,0,0
MMR,2013,0,1,0,1,0,0,0,0,0,0,0
MMR,2014,0,1,0,1,0,0,0,0,0,0,0
MMR,2015,1,0,0,1,0,0,0,0,0,0,0
MMR,2016,1,0,0,1,0,0,0,0,0,0,0
MMR,2017,1,0,0,1,0,0,0,0,0,0,0
MMR,2018,1,0,0,1,0,0,0,0,0,0,0
MMR,2019,1,0,0,1,0,0,0,0,0,0,0
MMR,2020,1,0,0,1,0,0,0,0,0,1,0
MMR,2021,1,0,0,1,0,0,0,0,0,1,0
MMR,2022,0,1,0,1,0,0,0,0,0,0,0
MMR,2023,0,1,0,1,0,0,0,0,0,0,0
MNE,2010,1,0,0,0,1,0,0,1,0,0,0
MNE,2011,1,0,0,0,1,0,0,1,0,0,0
MNE,2012,1,0,0,0,1,0,0,1,0,1,0
MNE,2013,1,0,0,0,1,0,0,1,0,0,0
MNE,2014,1,0,0,0,1,0,0,1,0,0,0
MNE,2015,1,0,0,0,1,0,0,1,0,0,0
MNE,2016,1,0,0,0,1,0,0,1,0,0,0
MNE,2017,1,0,0,0,1,0,0,1,0,0,0
MNE,2018,1,0,0,0,1,0,0,1,0,0,0
MNE,2019,1,0,0,0,1,0,0,1,0,0,0
MNE,2020,1,0,0,0,1,0,0,1,0,1,0
MNE,2021,1,0,0,0,1,0,0,1,0,0,0
MNE,2022,1,0,0,0,1,0,1,1,0,0,0
MNE,2023,1,0,0,0,0,1,0,0,0,0,0
MNG,2010,0,0,1,1,0,0,1,0,0,0,0
MNG,2011,0,1,0,0,1,0,0,0,0,0,0
MNG,2012,0,1,0,0,1,0,1,0,0,0,0
MNG,2013,0,1,0,0,1,0,1,0,0,0,1
MNG,2014,0,1,0,0,1,0,1,0,0,0,1
MNG,2015,0,1,0,0,1,0,0,0,0,0,1
MNG,2016,0,1,0,0,1,0,0,1,0,0,1
MNG,2017,0,1,0,0,1,0,0,0,0,0,0
MNG,2018,0,1,0,0,1,0,0,0,0,0,0
MNG,2019,0,1,0,0,1,0,0,0,0,0,0
MNG,2020,1,0,0,0,1,0,0,0,0,1,0
MNG,2021,1,0,0,0,1,0,0,0,0,0,0
MNG,2022,1,0,0,0,1,0,1,0,0,0,0
MNG,2023,1,0,0,0,1,0,1,0,0,0,0
MOZ,2010,0,0,1,1,0,0,1,0,0,0,1
MOZ,2011,0,0,1,1,0,0,1,0,0,0,1
MOZ,2012,0,0,1,1,0,0,0,0,0,0,1
MOZ,2013,0,0,1,1,0,0,0,0,0,0,1
MOZ,2014,0,0,1,1,0,0,0,1,1,0,1
MOZ,2015,0,0,1,1,0,0,0,1,1,0,1
MOZ,2016,0,0,1,1,0,0,1,1,1,0,1
MOZ,2017,0,0,1,1,0,0,1,1,1,0,1
MOZ,2018,0,0,1,1,0,0,0,1,1,0,1
MOZ,2019,0,0,1,1,0,0,0,0,1,0,1
MOZ,2020,0,0,1,1,0,0,0,1,0,1,1
MOZ,2021,0,0,1,1,0,0,0,0,0,0,1
MOZ,2022,0,0,1,1,0,0,1,0,0,0,1
MOZ,2023,0,0,1,1,0,0,0,0,0,0,1
MRT,2010,0,1,0,1,0,0,0,1,0,0,1
MRT,2011,0,1,0,1,0,0,0,1,0,0,1
MRT,2012,0,1,0,1,0,0,0,1,0,0,1
MRT,2013,0,1,0,1,0,0,0,1,0,0,1
MRT,2014,0,1,0,1,0,0,0,1,0,0,1
MRT,2015,0,1,0,1,0,0,0,1,0,0,1
MRT,2016,0,1,0,1,0,0,0,1,0,0,1
MRT,2017,0,1,0,1,0,0,0,1,0,0,1
MRT,2018,0,1,0,1,0,0,0,0,0,0,1
MRT,2019,0,1,0,1,0,0,0,1,0,0,1
MRT,2020,0,1,0,1,0,0,0,1,0,1,1
MRT,2021,0,1,0,1,0,0,0,1,0,0,1
MRT,2022,0,1,0,1,0,0,0,1,0,0,1
MRT,2023,0,1,0,1,0,0,0,0,0,0,1
MUS,2010,0,1,0,0,1,0,0,1,0,0,0
MUS,2011,0,1,0,0,1,0,0,1,0,0,0
MUS,2012,0,1,0,0,1,0,0,1,0,0,0
MUS,2013,0,1,0,0,1,0,0,1,0,0,0
MUS,2014,0,1,0,0,1,0,0,1,0,0,0
MUS,2015,0,1,0,0,1,0,0,1,0,0,0
MUS,2016,0,1,0,0,1,0,0,1,0,0,0
MUS,2017,0,1,0,0,0,1,0,1,0,0,0
MUS,2018,0,1,0,0,0,1,0,1,0,0,0
MUS,2019,0,1,0,0,0,1,0,1,0,0,0
MUS,2020,0,1,0,0,1,0,0,1,0,1,0
MUS,2021,0,1,0,0,1,0,0,1,0,0,0
MUS,2022,0,1,0,0,1,0,1,1,0,0,0
MUS,2023,0,1,0,0,0,1,0,0,0,0,0
MWI,2010,0,1,0,1,0,0,0,0,0,0,1
MWI,2011,0,1,0,1,0,0,0,0,0,0,1
MWI,2012,0,1,0,1,0,0,1,0,0,0,1
MWI,2013,0,1,0,1,0,0,1,0,0,0,1
MWI,2014,0,0,1,1,0,0,1,0,0,0,1
MWI,2015,0,0,1,1,0,0,1,0,0,0,1
MWI,2016,0,0,1,1,0,0,1,0,0,0,1
MWI,2017,0,0,1,1,0,0,1,0,0,0,1
MWI,2018,0,0,1,1,0,0,1,0,0,0,1
MWI,2019,0,0,1,1,0,0,0,0,0,0,1
MWI,2020,0,0,1,1,0,0,0,0,0,0,1
MWI,2021,0,0,1,1,0,0,0,0,0,0,1
MWI,2022,0,0,1,1,0,0,1,0,0,0,1
MWI,2023,0,0,1,1,0,0,1,0,0,0,1
MYS,2010,1,0,0,0,1,0,0,1,0,0,0
MYS,2011,1,0,0,0,1,0,0,1,0,0,0
MYS,2012,1,0,0,0,0,1,0,1,0,0,0
MYS,2013,1,0,0,0,0,1,0,1,0,0,0
MYS,2014,1,0,0,0,0,1,0,1,0,0,0
MYS,2015,1,0,0,0,1,0,0,1,0,0,0
MYS,2016,1,0,0,0,1,0,0,1,0,0,0
MYS,2017,1,0,0,0,1,0,0,1,0,0,0
MYS,2018,1,0,0,0,0,1,0,1,0,0,0
MYS,2019,1,0,0,0,0,1,0,1,0,0,0
MYS,2020,1,0,0,0,1,0,0,1,0,1,0
MYS,2021,1,0,0,0,0,1,0,1,0,0,0
MYS,2022,1,0,0,0,0,1,0,1,0,0,0
MYS,2023,1,0,0,0,0,1,0,0,0,0,0
NAM,2010,0,0,1,0,1,0,0,1,1,0,0
NAM,2011,0,0,1,0,1,0,0,1,1,0,0
NAM,2012,0,0,1,0,1,0,0,1,0,0,1
NAM,2013,0,0,1,0,1,0,0,1,0,0,1
NAM,2014,0,0,1,0,1,0,0,1,0,0,1
NAM,2015,0,0,1,0,1,0,0,1,0,0,1
NAM,2016,0,0,1,0,1,0,0,1,0,0,1
NAM,2017,0,0,1,0,1,0,0,1,0,1,1
NAM,2018,0,0,1,0,1,0,0,1,0,0,1
NAM,2019,0,0,1,0,1,0,0,1,0,1,1
NAM,2020,0,0,1,0,1,0,0,1,0,1,1
NAM,2021,0,0,1,0,1,0,0,1,0,0,1
NAM,2022,0,0,1,0,1,0,0,1,0,0,1
NAM,2023,0,0,1,0,1,0,0,0,0,0,1
NCL,2010,0,1,0,0,0,1,0,1,0,0,0
NCL,2011,0,1,0,0,0,1,0,1,0,0,0
NCL,2012,0,1,0,0,0,1,0,1,0,0,0
NCL,2013,0,1,0,0,0,1,0,1,0,0,0
NCL,2014,0,1,0,0,0,1,0,1,0,0,0
NCL,2015,0,1,0,0,0,1,0,1,0,0,0
NCL,2016,0,1,0,0,0,1,0,1,0,0,0
NCL,2017,0,1,0,0,0,1,0,1,0,0,0
NCL,2018,0,1,0,0,0,1,0,1,0,0,0
NCL,2019,0,1,0,0,0,1,0,1,0,1,0
NCL,2020,0,1,0,0,0,1,0,1,0,1,0
NCL,2021,0,1,0,0,0,1,0,1,0,1,0
NCL,2022,0,1,0,0,0,1,0,1,0,0,0
NCL,2023,1,0,0,0,0,1,0,0,0,0,0
NER,2010,0,1,0,1,0,0,0,0,0,0,1
NER,2011,0,1,0,1,0,0,0,0,0,0,1
NER,2012,0,0,1,1,0,0,0,0,0,0,1
NER,2013,0,1,0,1,0,0,0,0,0,0,1
NER,2014,0,1,0,1,0,0,0,0,0,0,1
NER,2015,0,1,0,1,0,0,0,0,0,0,1
NER,2016,0,1,0,1,0,0,0,0,0,0,1
NER,2017,0,1,0,1,0,0,0,0,0,0,1
NER,2018,0,1,0,1,0,0,0,0,0,0,1
NER,2019,0,1,0,1,0,0,0,0,0,0,1
NER,2020,0,1,0,1,0,0,0,0,0,0,1
NER,2021,0,1,0,1,0,0,0,0,0,0,1
NER,2022,0,1,0,1,0,0,0,0,0,0,1
NER,2023,0,1,0,1,0,0,0,0,0,0,1
NGA,2010,0,1,0,1,0,0,1,0,0,0,1
NGA,2011,0,1,0,1,0,0,1,0,0,0,1
NGA,2012,0,1,0,1,0,0,1,0,0,0,1
NGA,2013,0,1,0,0,1,0,0,0,0,0,1
NGA,2014,0,1,0,0,1,0,0,0,0,0,1
NGA,2015,0,1,0,1,0,0,0,0,0,0,1
NGA,2016,0,1,0,1,0,0,1,0,0,1,1
NGA,2017,0,1,0,1,0,0,1,0,0,0,1
NGA,2018,0,1,0,1,0,0,1,0,0,0,1
NGA,2019,0,1,0,0,1,0,1,0,0,0,1
NGA,2020,0,0,1,1,0,0,1,0,0,1,1
NGA,2021,0,0,1,1,0,0,1,0,0,0,1
NGA,2022,0,0,1,0,1,0,1,0,0,0,1
NGA,2023,0,0,1,1,0,0,1,0,0,0,1
NIC,2010,0,0,1,1,0,0,0,0,0,0,0
NIC,2011,0,0,1,1,0,0,0,0,0,0,0
NIC,2012,0,0,1,1,0,0,0,0,0,0,0
NIC,2013,0,0,1,1,0,0,0,0,0,0,0
NIC,2014,0,0,1,1,0,0,0,0,0,0,0
NIC,2015,0,0,1,1,0,0,0,0,0,0,0
NIC,2016,0,0,1,1,0,0,0,0,0,0,0
NIC,2017,0,0,1,1,0,0,0,0,0,0,0
NIC,2018,0,0,1,1,0,0,0,0,0,1,0
NIC,2019,0,0,1,1,0,0,0,0,0,1,0
NIC,2020,0,0,1,1,0,0,0,0,0,1,0
NIC,2021,0,0,1,1,0,0,0,0,0,0,0
NIC,2022,0,0,1,1,0,0,1,1,0,0,0
NLD,2010,1,0,0,0,0,1,0,1,0,0,0
NLD,2011,1,0,0,0,0,1,0,1,0,0,0
NLD,2012,1,0,0,0,0,1,0,1,0,1,0
NLD,2013,1,0,0,0,0,1,0,1,0,1,0
NLD,2014,1,0,0,0,0,1,0,1,0,0,0
NLD,2015,1,0,0,0,0,1,0,1,0,0,0
NLD,2016,1,0,0,0,0,1,0,1,0,0,0
NLD,2017,1,0,0,0,0,1,0,1,0,0,0
NLD,2018,1,0,0,0,0,1,0,1,0,0,0
NLD,2019,1,0,0,0,0,1,0,1,0,0,0
NLD,2020,1,0,0,0,0,1,0,1,0,1,0
NLD,2021,1,0,0,0,0,1,0,1,0,0,0
NLD,2022,1,0,0,0,0,1,1,1,0,0,0
NLD,2023,1,0,0,0,0,1,0,0,0,1,0
NOR,2010,1,0,0,0,0,1,0,1,0,0,0
NOR,2011,1,0,0,0,0,1,0,1,0,0,0
NOR,2012,1,0,0,0,0,1,0,1,0,0,0
NOR,2013,1,0,0,0,0,1,0,1,0,0,0
NOR,2014,1,0,0,0,0,1,0,1,0,0,0
NOR,2015,1,0,0,0,0,1,0,1,0,0,0
NOR,2016,1,0,0,0,0,1,0,1,0,0,0
NOR,2017,1,0,0,0,0,1,0,1,0,0,0
NOR,2018,1,0,0,0,0,1,0,1,0,0,0
NOR,2019,1,0,0,0,0,1,0,1,0,0,0
NOR,2020,1,0,0,0,0,1,0,1,0,1,0
NOR,2021,1,0,0,0,0,1,0,1,0,0,0
NOR,2022,1,0,0,0,0,1,0,1,0,0,0
NOR,2023,1,0,0,0,0,1,0,0,0,0,0
NPL,2010,0,1,0,1,0,0,0,0,0,0,0
NPL,2011,0,1,0,1,0,0,0,0,0,0,0
NPL,2012,0,1,0,1,0,0,0,0,0,0,0
NPL,2013,0,1,0,1,0,0,0,0,0,0,0
NPL,2014,0,1,0,1,0,0,0,0,0,0,0
NPL,2015,0,1,0,1,0,0,0,0,0,0,0
NPL,2016,0,1,0,1,0,0,0,0,0,0,0
NPL,2017,1,0,0,1,0,0,0,0,0,0,0
NPL,2018,1,0,0,1,0,0,0,0,0,0,0
NPL,2019,1,0,0,1,0,0,0,0,0,0,0
NPL,2020,0,1,0,1,0,0,0,0,0,1,0
NPL,2021,0,1,0,1,0,0,0,0,0,0,0
NPL,2022,0,1,0,1,0,0,0,0,0,0,0
NPL,2023,0,1,0,1,0,0,0,0,0,0,0
NZL,2010,1,0,0,0,0,1,0,0,0,0,0
NZL,2011,1,0,0,0,0,1,0,0,0,0,0
NZL,2012,1,0,0,0,0,1,0,0,0,0,0
NZL,2013,1,0,0,0,0,1,0,0,0,0,0
NZL,2014,1,0,0,0,0,1,0,0,0,0,0
NZL,2015,1,0,0,0,0,1,0,0,0,0,1
NZL,2016,1,0,0,0,0,1,0,0,0,0,1
NZL,2017,1,0,0,0,0,1,0,0,0,0,1
NZL,2018,1,0,0,0,0,1,0,0,0,0,0
NZL,2019,1,0,0,0,0,1,0,0,0,0,0
NZL,2020,1,0,0,0,0,1,0,0,0,1,1
NZL,2021,1,0,0,0,0,1,0,0,0,0,0
NZL,2022,1,0,0,0,0,1,0,0,0,0,0
NZL,2023,1,0,0,0,0,1,0,0,0,0,1
OMN,2010,1,0,0,0,0,1,0,1,0,0,1
OMN,2011,0,1,0,0,0,1,0,1,0,0,1
OMN,2012,0,1,0,0,0,1,0,1,0,0,1
OMN,2013,0,1,0,0,0,1,0,1,0,0,1
OMN,2014,0,1,0,0,0,1,0,1,0,0,1
OMN,2015,0,1,0,0,0,1,0,1,0,0,1
OMN,2016,0,1,0,0,0,1,0,1,0,0,1
OMN,2017,0,1,0,0,0,1,0,1,0,0,1
OMN,2018,0,1,0,0,0,1,0,1,0,0,0
OMN,2019,0,1,0,0,0,1,0,1,0,1,0
OMN,2020,0,1,0,0,0,1,0,1,0,1,0
OMN,2021,0,1,0,0,0,1,0,1,0,0,0
OMN,2022,0,1,0,0,0,1,0,1,0,0,1
OMN,2023,0,1,0,0,0,1,0,0,0,0,1
PAK,2010,0,0,1,1,0,0,1,0,0,0,1
PAK,2011,0,0,1,1,0,0,1,0,0,0,1
PAK,2012,0,0,1,1,0,0,0,0,0,0,0
PAK,2013,0,1,0,1,0,0,0,0,0,0,0
PAK,2014,0,1,0,1,0,0,0,0,0,0,0
PAK,2015,0,1,0,1,0,0,0,0,0,0,0
PAK,2016,0,1,0,1,0,0,0,0,0,0,0
PAK,2017,0,1,0,1,0,0,0,0,0,0,0
PAK,2018,0,1,0,1,0,0,0,0,0,0,0
PAK,2019,0,1,0,1,0,0,1,0,0,0,0
PAK,2020,0,1,0,1,0,0,0,0,0,1,0
PAK,2021,0,0,1,1,0,0,0,0,0,0,0
PAK,2022,0,0,1,1,0,0,1,0,0,0,0
PAK,2023,0,0,1,1,0,0,1,0,0,1,0
PAN,2010,0,1,0,0,1,0,0,1,0,0,0
PAN,2011,0,1,0,0,1,0,0,1,0,0,0
PAN,2012,0,1,0,0,0,1,0,1,0,0,0
PAN,2013,0,1,0,0,0,1,0,1,0,0,0
PAN,2014,0,1,0,0,0,1,0,1,0,0,0
PAN,2015,0,1,0,0,0,1,0,1,0,0,0
PAN,2016,0,1,0,0,0,1,0,1,0,0,0
PAN,2017,0,1,0,0,0,1,0,1,0,0,0
PAN,2018,0,1,0,0,0,1,0,1,0,0,0
PAN,2019,1,0,0,0,0,1,0,1,0,0,0
PAN,2020,1,0,0,0,0,1,0,1,0,1,0
PAN,2021,0,1,0,0,0,1,0,1,0,0,0
PAN,2022,0,1,0,0,0,1,0,1,0,0,0
PAN,2023,0,1,0,0,0,1,0,0,0,0,0
PER,2010,0,1,0,0,1,0,0,0,0,0,0
PER,2011,0,1,0,0,1,0,0,0,0,0,0
PER,2012,0,1,0,0,1,0,0,0,0,0,0
PER,2013,0,1,0,0,1,0,0,0,0,0,0
PER,2014,0,1,0,0,1,0,0,0,0,0,0
PER,2015,0,1,0,0,1,0,0,0,0,0,0
PER,2016,0,1,0,0,1,0,0,1,0,0,0
PER,2017,0,1,0,0,1,0,0,1,0,0,0
PER,2018,0,1,0,0,1,0,0,1,0,0,0
PER,2019,0,1,0,0,1,0,0,1,0,0,0
PER,2020,0,1,0,0,1,0,0,1,0,1,0
PER,2021,0,1,0,0,1,0,0,1,0,0,0
PER,2022,0,1,0,0,1,0,0,1,0,0,0
PER,2023,0,1,0,0,1,0,0,0,0,1,0
PHL,2010,0,0,1,1,0,0,0,0,0,0,1
PHL,2011,0,1,0,1,0,0,0,0,0,0,0
PHL,2012,0,1,0,1,0,0,0,0,0,0,0
PHL,2013,0,1,0,1,0,0,0,0,0,0,0
PHL,2014,0,1,0,0,1,0,0,0,0,0,0
PHL,2015,0,1,0,0,1,0,0,0,0,0,0
PHL,2016,0,1,0,0,1,0,0,0,0,0,0
PHL,2017,0,1,0,0,1,0,0,0,0,0,0
PHL,2018,0,1,0,0,1,0,0,0,0,0,0
PHL,2019,0,1,0,0,1,0,0,0,0,0,0
PHL,2020,0,1,0,0,1,0,0,0,0,1,0
PHL,2021,1,0,0,0,1,0,0,0,0,0,0
PHL,2022,1,0,0,0,1,0,0,0,0,0,0
PHL,2023,1,0,0,0,1,0,0,0,0,0,0
PNG,2010,0,0,1,1,0,0,0,0,1,0,1
PNG,2011,0,0,1,1,0,0,0,1,1,0,1
PNG,2012,0,0,1,1,0,0,0,1,1,0,1
PNG,2013,0,0,1,1,0,0,0,1,1,0,1
PNG,2014,0,0,1,1,0,0,0,1,1,0,1
PNG,2015,0,0,1,1,0,0,0,1,1,0,1
PNG,2016,0,0,1,1,0,0,0,1,1,0,1
PNG,2017,0,0,1,1,0,0,0,1,1,0,1
PNG,2018,0,0,1,1,0,0,0,1,1,1,1
PNG,2019,0,0,1,1,0,0,0,1,1,0,1
PNG,2020,0,0,1,1,0,0,0,1,1,1,1
PNG,2021,0,0,1,1,0,0,0,1,1,1,0
PNG,2022,0,0,1,0,1,0,0,1,1,0,0
PNG,2023,0,0,1,0,1,0,0,0,1,0,0
POL,2010,1,0,0,0,0,1,0,0,0,0,0
POL,2011,1,0,0,0,0,1,0,0,0,0,0
POL,2012,1,0,0,0,0,1,0,0,0,0,0
POL,2013,1,0,0,0,0,1,0,0,0,0,0
POL,2014,1,0,0,0,0,1,0,0,0,0,0
POL,2015,1,0,0,0,0,1,0,0,0,0,0
POL,2016,1,0,0,0,0,1,0,0,0,0,0
POL,2017,1,0,0,0,0,1,0,0,0,0,0
POL,2018,1,0,0,0,0,1,0,0,0,0,0
POL,2019,1,0,0,0,0,1,0,0,0,0,0
POL,2020,1,0,0,0,0,1,0,0,0,1,0
POL,2021,1,0,0,0,0,1,0,0,0,0,0
POL,2022,1,0,0,0,0,1,1,0,0,0,0
POL,2023,1,0,0,0,0,1,1,0,0,0,0
PRK,2010,0,0,1,0,0,0,0,0,1,0,0
PRK,2011,0,0,1,0,0,0,0,0,1,0,0
PRK,2012,0,0,1,0,0,0,0,0,1,0,0
PRK,2013,0,0,1,0,0,0,0,0,1,0,0
PRK,2014,0,0,1,0,0,0,0,0,1,0,0
PRK,2015,0,0,1,0,0,0,0,0,1,0,0
PRK,2016,0,0,1,0,0,0,0,0,1,0,0
PRK,2017,0,0,1,0,0,0,0,0,1,0,0
PRT,2010,1,0,0,0,0,1,0,1,0,0,0
PRT,2011,1,0,0,0,0,1,0,1,0,1,0
PRT,2012,1,0,0,0,0,1,0,1,0,1,0
PRT,2013,1,0,0,0,0,1,0,1,0,1,0
PRT,2014,1,0,0,0,0,1,0,1,0,0,0
PRT,2015,1,0,0,0,0,1,0,1,0,0,0
PRT,2016,1,0,0,0,0,1,0,1,0,0,0
PRT,2017,1,0,0,0,0,1,0,1,0,0,0
PRT,2018,1,0,0,0,0,1,0,1,0,0,0
PRT,2019,1,0,0,0,0,1,0,1,0,0,0
PRT,2020,1,0,0,0,0,1,0,1,0,1,0
PRT,2021,1,0,0,0,0,1,0,1,0,0,0
PRT,2022,1,0,0,0,0,1,0,1,0,0,0
PRT,2023,1,0,0,0,0,1,0,0,0,0,0
PRY,2010,1,0,0,0,1,0,0,0,0,0,0
PRY,2011,1,0,0,0,1,0,0,1,0,0,0
PRY,2012,1,0,0,0,1,0,0,1,0,1,0
PRY,2013,1,0,0,0,1,0,0,1,0,0,0
PRY,2014,1,0,0,0,1,0,0,0,0,0,0
PRY,2015,1,0,0,0,1,0,0,0,0,0,0
PRY,2016,1,0,0,0,1,0,0,0,0,0,0
PRY,2017,1,0,0,0,1,0,0,0,0,0,0
PRY,2018,1,0,0,0,1,0,0,0,0,0,0
PRY,2019,1,0,0,0,1,0,0,0,0,1,0
PRY,2020,1,0,0,0,1,0,0,0,0,1,0
PRY,2021,1,0,0,0,1,0,0,1,0,0,0
PRY,2022,1,0,0,0,1,0,0,0,0,1,0
PRY,2023,0,1,0,0,1,0,0,0,0,0,0
PYF,2010,1,0,0,0,0,1,0,0,0,1,0
PYF,2011,1,0,0,0,0,1,0,0,0,1,0
PYF,2012,1,0,0,0,0,1,0,0,0,1,0
PYF,2013,1,0,0,0,0,1,0,0,0,0,0
PYF,2014,0,1,0,0,0,1,0,0,0,0,0
PYF,2015,0,1,0,0,0,1,0,0,0,0,0
PYF,2016,0,1,0,0,0,1,0,0,0,0,0
PYF,2017,0,1,0,0,0,1,0,0,0,0,0
PYF,2018,0,1,0,0,0,1,0,0,0,0,0
PYF,2019,0,1,0,0,0,1,0,0,0,0,0
PYF,2020,0,1,0,0,0,1,0,0,0,1,0
PYF,2021,0,1,0,0,0,1,0,0,0,0,0
PYF,2022,1,0,0,0,0,1,0,0,0,0,0
PYF,2023,1,0,0,0,0,1,0,0,0,0,0
ROU,2010,1,0,0,0,1,0,0,0,0,1,0
ROU,2011,1,0,0,0,1,0,0,0,0,0,0
ROU,2012,1,0,0,0,1,0,0,0,0,0,0
ROU,2013,1,0,0,0,1,0,0,0,0,0,0
ROU,2014,1,0,0,0,1,0,0,0,0,0,0
ROU,2015,1,0,0,0,1,0,0,0,0,0,0
ROU,2016,1,0,0,0,1,0,0,0,0,0,0
ROU,2017,1,0,0,0,0,1,0,0,0,0,0
ROU,2018,1,0,0,0,0,1,0,0,0,0,0
ROU,2019,1,0,0,0,0,1,0,0,0,0,0
ROU,2020,1,0,0,0,0,1,0,0,0,1,0
ROU,2021,1,0,0,0,0,1,0,0,0,0,0
ROU,2022,1,0,0,0,0,1,1,0,0,0,0
ROU,2023,1,0,0,0,0,1,1,0,0,0,0
RUS,2010,1,0,0,0,0,1,0,0,0,0,0
RUS,2011,1,0,0,0,0,1,0,0,0,0,0
RUS,2012,1,0,0,0,0,1,0,0,0,0,0
RUS,2013,1,0,0,0,0,1,0,0,0,0,0
RUS,2014,1,0,0,0,0,1,0,0,0,0,0
RUS,2015,1,0,0,0,1,0,1,0,0,1,0
RUS,2016,1,0,0,0,1,0,0,0,0,0,0
RUS,2017,1,0,0,0,0,1,0,0,0,0,0
RUS,2018,1,0,0,0,0,1,0,0,0,0,0
RUS,2019,1,0,0,0,0,1,0,0,0,0,0
RUS,2020,1,0,0,0,1,0,0,0,0,1,0
RUS,2021,1,0,0,0,0,1,0,0,0,0,0
RUS,2022,1,0,0,0,0,1,1,0,0,1,0
RUS,2023,1,0,0,0,0,1,0,0,0,0,0
RWA,2010,0,0,1,1,0,0,0,0,1,0,1
RWA,2011,0,0,1,1,0,0,0,0,1,0,1
RWA,2012,0,0,1,1,0,0,1,0,1,0,1
RWA,2013,0,0,1,1,0,0,0,0,1,0,1
RWA,2014,0,0,1,1,0,0,0,0,1,0,1
RWA,2015,0,0,1,1,0,0,0,0,1,0,1
RWA,2016,0,0,1,1,0,0,0,0,1,0,1
RWA,2017,0,0,1,1,0,0,0,0,0,0,1
RWA,2018,0,0,1,1,0,0,0,0,0,0,1
RWA,2019,0,0,1,1,0,0,0,0,1,0,1
RWA,2020,0,0,1,1,0,0,0,0,0,1,1
RWA,2021,0,0,1,1,0,0,0,0,0,0,1
RWA,2022,0,0,1,1,0,0,1,0,0,0,1
RWA,2023,0,0,1,1,0,0,1,0,0,0,1
SAU,2010,1,0,0,0,0,1,0,1,0,0,0
SAU,2011,1,0,0,0,0,1,0,1,0,0,1
SAU,2012,1,0,0,0,0,1,0,1,0,0,1
SAU,2013,1,0,0,0,0,1,0,1,0,0,1
SAU,2014,1,0,0,0,0,1,0,1,0,0,1
SAU,2015,1,0,0,0,0,1,0,1,0,0,1
SAU,2016,1,0,0,0,0,1,0,1,0,0,1
SAU,2017,1,0,0,0,0,1,0,1,0,0,0
SAU,2018,1,0,0,0,0,1,0,1,0,0,0
SAU,2019,1,0,0,0,0,1,0,1,0,0,0
SAU,2020,1,0,0,0,0,1,0,1,0,1,1
SAU,2021,1,0,0,0,0,1,0,1,0,0,0
SAU,2022,1,0,0,0,0,1,0,1,0,0,1
SAU,2023,1,0,0,0,0,1,0,0,0,0,1
SDN,2013,0,1,0,1,0,0,1,0,0,0,1
SDN,2014,0,1,0,1,0,0,1,0,0,0,1
SDN,2015,0,1,0,1,0,0,1,0,0,0,1
SDN,2016,0,1,0,1,0,0,1,0,0,0,1
SDN,2017,0,1,0,1,0,0,1,0,0,0,1
SDN,2018,0,1,0,1,0,0,1,0,0,1,1
SDN,2019,0,1,0,1,0,0,1,0,0,1,1
SDN,2020,0,1,0,1,0,0,1,0,0,1,1
SDN,2021,0,1,0,1,0,0,1,0,0,1,1
SEN,2010,0,1,0,1,0,0,0,1,0,0,1
SEN,2011,0,1,0,1,0,0,0,1,0,0,1
SEN,2012,0,1,0,1,0,0,0,1,0,0,1
SEN,2013,0,1,0,1,0,0,0,1,0,0,1
SEN,2014,0,1,0,1,0,0,0,1,0,0,1
SEN,2015,0,1,0,1,0,0,0,1,0,0,1
SEN,2016,0,1,0,1,0,0,0,0,0,0,1
SEN,2017,0,1,0,1,0,0,0,0,0,0,1
SEN,2018,0,1,0,1,0,0,0,0,0,0,1
SEN,2019,0,1,0,1,0,0,0,0,0,0,1
SEN,2020,0,1,0,1,0,0,0,0,0,0,1
SEN,2021,0,1,0,1,0,0,0,0,0,0,1
SEN,2022,0,1,0,1,0,0,0,0,0,0,1
SEN,2023,0,1,0,1,0,0,0,0,0,0,1
SLB,2010,0,1,0,1,0,0,0,1,0,0,1
SLB,2011,0,0,1,1,0,0,0,1,0,0,1
SLB,2012,0,0,1,1,0,0,0,1,0,0,1
SLB,2013,0,0,1,1,0,0,0,1,0,0,1
SLB,2014,0,0,1,1,0,0,0,1,0,0,1
SLB,2015,0,0,1,1,0,0,0,0,0,0,1
SLB,2016,0,0,1,1,0,0,0,0,0,0,1
SLB,2017,0,0,1,1,0,0,0,0,0,0,1
SLB,2018,0,0,1,1,0,0,0,0,0,0,1
SLB,2019,0,0,1,1,0,0,0,0,0,0,1
SLB,2020,0,0,1,1,0,0,0,0,0,1,1
SLB,2021,0,0,1,1,0,0,0,1,0,1,1
SLB,2022,0,0,1,1,0,0,0,1,0,1,1
SLB,2023,0,0,1,1,0,0,0,0,0,0,1
SLE,2010,0,0,1,1,0,0,0,0,0,0,1
SLE,2011,0,0,1,1,0,0,0,0,0,0,1
SLE,2012,0,0,1,1,0,0,0,0,0,0,1
SLE,2013,0,0,1,1,0,0,0,0,0,0,1
SLE,2014,0,0,1,1,0,0,0,0,0,1,1
SLE,2015,0,0,1,1,0,0,0,0,0,1,1
SLE,2016,0,0,1,1,0,0,1,0,0,0,1
SLE,2017,0,0,1,1,0,0,1,0,0,0,1
SLE,2018,0,0,1,1,0,0,1,0,0,0,1
SLE,2019,0,0,1,1,0,0,1,0,0,0,1
SLE,2020,0,0,1,1,0,0,1,0,0,1,1
SLE,2021,0,0,1,1,0,0,1,0,0,0,1
SLE,2022,0,0,1,1,0,0,1,0,0,0,1
SLE,2023,0,0,1,1,0,0,1,0,0,0,1
SLV,2010,0,1,0,0,1,0,0,0,0,0,0
SLV,2011,0,1,0,0,1,0,0,0,0,0,0
SLV,2012,0,1,0,0,1,0,0,0,0,0,0
SLV,2013,0,1,0,0,1,0,0,0,0,0,0
SLV,2014,0,1,0,0,1,0,0,0,0,0,0
SLV,2015,0,1,0,0,1,0,0,0,0,0,0
SLV,2016,0,1,0,0,1,0,0,0,0,0,0
SLV,2017,0,1,0,0,1,0,0,0,0,0,0
SLV,2018,0,1,0,0,1,0,0,1,0,0,0
SLV,2019,0,1,0,0,1,0,0,1,0,0,0
SLV,2020,0,1,0,0,1,0,0,1,0,1,0
SLV,2021,0,1,0,0,1,0,0,1,0,0,0
SLV,2022,0,1,0,0,1,0,0,1,0,0,0
SLV,2023,0,1,0,0,1,0,0,0,0,0,0
SOM,2010,0,0,1,1,0,0,0,0,1,0,1
SOM,2011,0,0,1,1,0,0,0,1,1,0,0
SOM,2012,0,0,1,1,0,0,0,1,1,0,0
SOM,2013,0,0,1,1,0,0,0,1,1,0,1
SOM,2014,0,0,1,1,0,0,0,1,1,0,1
SOM,2015,0,0,1,1,0,0,0,1,1,0,1
SOM,2016,0,0,1,1,0,0,0,1,1,0,1
SOM,2017,0,0,1,1,0,0,0,1,1,0,1
SOM,2018,0,0,1,1,0,0,0,1,1,0,1
SOM,2019,0,0,1,1,0,0,0,1,1,0,1
SOM,2020,0,0,1,1,0,0,0,1,1,1,1
SOM,2021,0,0,1,1,0,0,0,1,1,0,1
SOM,2022,0,0,1,1,0,0,0,1,1,0,1
SOM,2023,0,0,1,1,0,0,0,0,1,0,1
SRB,2010,1,0,0,0,1,0,0,0,0,0,0
SRB,2011,1,0,0,0,1,0,1,0,0,0,0
SRB,2012,1,0,0,0,1,0,0,0,0,1,0
SRB,2013,1,0,0,0,1,0,0,0,0,0,0
SRB,2014,1,0,0,0,1,0,0,0,0,1,0
SRB,2015,1,0,0,0,1,0,0,0,0,0,0
SRB,2016,1,0,0,0,1,0,0,0,0,0,0
SRB,2017,1,0,0,0,1,0,0,0,0,0,0
SRB,2018,1,0,0,0,1,0,0,0,0,0,0
SRB,2019,1,0,0,0,1,0,0,0,0,0,0
SRB,2020,1,0,0,0,1,0,0,0,0,1,0
SRB,2021,1,0,0,0,1,0,0,0,0,0,0
SRB,2022,1,0,0,0,1,0,1,0,0,0,0
SRB,2023,1,0,0,0,0,1,1,0,0,0,0
SSD,2020,0,0,1,0,0,0,1,0,0,0,1
SSD,2021,0,0,1,0,0,0,1,0,0,0,0
SSD,2022,0,0,1,0,0,0,0,0,0,0,0
STP,2010,0,0,1,1,0,0,1,0,0,0,1
STP,2011,0,0,1,1,0,0,1,1,0,0,1
STP,2012,0,0,1,1,0,0,1,1,0,0,1
STP,2013,0,0,1,1,0,0,0,1,0,0,0
STP,2014,0,0,1,1,0,0,0,1,0,0,0
STP,2015,0,0,1,1,0,0,0,1,0,0,0
STP,2016,0,0,1,1,0,0,0,0,0,0,0
STP,2017,0,0,1,1,0,0,0,0,0,0,0
STP,2018,0,0,1,1,0,0,0,0,0,0,0
STP,2019,0,0,1,1,0,0,0,0,0,0,0
STP,2020,0,0,1,1,0,0,0,0,0,0,0
STP,2021,0,0,1,1,0,0,0,0,0,0,1
STP,2022,0,0,1,1,0,0,1,0,0,0,0
STP,2023,0,0,1,0,1,0,1,0,0,0,0
SUR,2010,0,1,0,0,1,0,0,0,0,0,0
SUR,2011,0,1,0,0,1,0,1,0,0,0,0
SUR,2012,0,1,0,0,1,0,0,0,0,0,0
SUR,2013,0,1,0,0,1,0,0,0,0,0,0
SUR,2014,0,1,0,0,1,0,0,0,0,0,0
SUR,2015,0,1,0,0,1,0,0,0,0,1,0
SUR,2016,0,1,0,0,1,0,1,0,0,1,0
SUR,2017,0,1,0,0,1,0,1,0,0,0,0
SUR,2018,0,1,0,0,1,0,1,0,0,0,0
SUR,2019,0,1,0,0,1,0,1,0,0,0,0
SUR,2020,0,1,0,0,1,0,1,0,0,1,0
SUR,2021,0,1,0,0,1,0,1,0,0,1,0
SUR,2022,0,1,0,0,1,0,1,0,0,0,0
SUR,2023,0,1,0,0,1,0,1,0,0,0,0
SVK,2010,0,1,0,0,0,1,0,0,0,0,0
SVK,2011,0,1,0,0,0,1,0,0,0,0,0
SVK,2012,0,1,0,0,0,1,0,0,0,0,0
SVK,2013,0,1,0,0,0,1,0,0,0,0,0
SVK,2014,0,1,0,0,0,1,0,0,0,0,0
SVK,2015,0,1,0,0,0,1,0,0,0,0,0
SVK,2016,0,1,0,0,0,1,0,0,0,0,0
SVK,2017,1,0,0,0,0,1,0,0,0,0,0
SVK,2018,1,0,0,0,0,1,0,0,0,0,0
SVK,2019,1,0,0,0,0,1,0,0,0,0,0
SVK,2020,1,0,0,0,0,1,0,0,0,1,0
SVK,2021,1,0,0,0,0,1,0,0,0,0,0
SVK,2022,1,0,0,0,0,1,1,0,0,0,0
SVK,2023,1,0,0,0,0,1,1,0,0,0,0
SVN,2010,1,0,0,0,0,1,0,0,0,0,0
SVN,2011,1,0,0,0,0,1,0,0,0,0,0
SVN,2012,1,0,0,0,0,1,0,0,0,1,0
SVN,2013,1,0,0,0,0,1,0,0,0,1,0
SVN,2014,1,0,0,0,0,1,0,1,0,0,0
SVN,2015,1,0,0,0,0,1,0,0,0,0,0
SVN,2016,1,0,0,0,0,1,0,1,0,0,0
SVN,2017,1,0,0,0,0,1,0,0,0,0,0
SVN,2018,1,0,0,0,0,1,0,0,0,0,0
SVN,2019,1,0,0,0,0,1,0,0,0,0,0
SVN,2020,1,0,0,0,0,1,0,0,0,1,0
SVN,2021,1,0,0,0,0,1,0,0,0,0,0
SVN,2022,1,0,0,0,0,1,0,0,0,0,0
SVN,2023,1,0,0,0,0,1,0,0,0,0,0
SWE,2010,1,0,0,0,0,1,0,0,0,0,0
SWE,2011,1,0,0,0,0,1,0,0,0,0,0
SWE,2012,1,0,0,0,0,1,0,0,0,1,0
SWE,2013,1,0,0,0,0,1,0,0,0,0,0
SWE,2014,1,0,0,0,0,1,0,0,0,0,0
SWE,2015,1,0,0,0,0,1,0,0,0,0,0
SWE,2016,1,0,0,0,0,1,0,0,0,0,0
SWE,2017,1,0,0,0,0,1,0,0,0,0,0
SWE,2018,1,0,0,0,0,1,0,0,0,0,0
SWE,2019,1,0,0,0,0,1,0,0,0,0,0
SWE,2020,1,0,0,0,0,1,0,0,0,1,0
SWE,2021,1,0,0,0,0,1,0,0,0,0,0
SWE,2022,1,0,0,0,0,1,0,0,0,0,0
SWE,2023,1,0,0,0,0,1,0,0,0,1,0
SWZ,2010,0,0,1,0,1,0,0,1,1,0,0
SWZ,2011,0,0,1,0,1,0,0,1,1,0,0
SWZ,2012,0,0,1,0,1,0,0,1,0,0,0
SWZ,2013,0,0,1,0,1,0,0,1,0,0,0
SWZ,2014,0,0,1,0,1,0,0,1,0,0,0
SWZ,2015,0,0,1,0,1,0,0,1,0,0,0
SWZ,2016,0,0,1,0,1,0,0,1,0,0,0
SWZ,2017,0,0,1,0,1,0,0,1,0,0,0
SWZ,2018,0,1,0,0,1,0,0,1,0,0,0
SWZ,2019,0,1,0,0,1,0,0,1,0,0,0
SWZ,2020,0,1,0,0,1,0,0,1,0,1,0
SWZ,2021,0,1,0,0,1,0,0,1,0,0,0
SWZ,2022,0,1,0,0,1,0,0,1,0,0,0
SWZ,2023,0,1,0,0,1,0,0,0,0,0,0
SYC,2010,1,0,0,0,0,1,0,0,0,0,1
SYC,2011,0,1,0,0,0,1,0,0,0,0,0
SYC,2012,0,1,0,0,0,1,0,0,0,0,0
SYC,2013,0,1,0,0,0,1,0,0,0,0,0
SYC,2014,1,0,0,0,0,1,0,0,0,0,0
SYC,2015,1,0,0,0,0,1,0,0,0,0,1
SYC,2016,1,0,0,0,0,1,0,0,0,0,0
SYC,2017,1,0,0,0,0,1,0,0,0,0,0
SYC,2018,1,0,0,0,0,1,0,0,0,0,0
SYC,2019,1,0,0,0,0,1,0,0,0,0,0
SYC,2020,1,0,0,0,0,1,0,0,0,1,0
SYC,2021,1,0,0,0,0,1,0,0,0,0,0
SYC,2022,1,0,0,0,0,1,0,0,0,0,0
SYC,2023,1,0,0,0,0,1,0,0,0,0,0
SYR,2010,0,1,0,1,0,0,0,0,0,0,1
SYR,2011,0,1,0,0,1,0,0,0,0,0,0
SYR,2012,0,1,0,1,0,0,1,0,0,1,0
SYR,2013,0,1,0,1,0,0,1,0,0,1,0
SYR,2014,0,1,0,1,0,0,1,0,0,1,0
SYR,2015,0,1,0,1,0,0,1,0,0,1,0
SYR,2016,0,1,0,1,0,0,1,0,0,1,0
SYR,2017,0,0,1,1,0,0,1,1,0,1,0
SYR,2018,0,0,1,1,0,0,0,0,0,0,0
SYR,2019,0,0,1,1,0,0,1,0,0,0,1
SYR,2020,0,0,1,1,0,0,0,0,0,0,1
SYR,2021,0,0,1,1,0,0,0,0,0,0,1
SYR,2022,0,0,1,1,0,0,0,0,1,1,1
TCD,2010,0,0,1,1,0,0,0,0,0,0,1
TCD,2011,0,0,1,1,0,0,0,0,0,0,1
TCD,2012,0,0,1,1,0,0,0,0,0,0,1
TCD,2013,0,0,1,1,0,0,0,0,0,0,1
TCD,2014,0,0,1,1,0,0,0,0,0,0,1
TCD,2015,0,0,1,1,0,0,0,0,0,0,1
TCD,2016,0,0,1,1,0,0,0,0,0,1,1
TCD,2017,0,0,1,1,0,0,0,0,0,1,1
TCD,2018,0,0,1,1,0,0,0,0,0,0,1
TCD,2019,0,0,1,1,0,0,0,0,0,0,1
TCD,2020,0,0,1,1,0,0,0,0,0,1,1
TCD,2021,0,0,1,1,0,0,0,0,0,0,1
TCD,2022,0,0,1,1,0,0,0,0,1,0,1
TCD,2023,0,0,1,1,0,0,1,0,1,0,1
TGO,2010,0,0,1,1,0,0,0,0,0,0,1
TGO,2011,0,0,1,1,0,0,0,0,0,0,1
TGO,2012,0,0,1,1,0,0,0,0,0,0,1
TGO,2013,0,0,1,1,0,0,0,0,0,0,1
TGO,2014,0,0,1,1,0,0,0,0,0,0,1
TGO,2015,0,0,1,1,0,0,0,0,0,0,0
TGO,2016,0,0,1,1,0,0,0,0,0,0,0
TGO,2017,0,0,1,1,0,0,0,0,0,0,0
TGO,2018,0,0,1,1,0,0,0,0,0,0,0
TGO,2019,0,0,1,1,0,0,0,0,0,0,1
TGO,2020,0,0,1,1,0,0,0,0,0,0,1
TGO,2021,0,1,0,1,0,0,0,0,0,0,0
TGO,2022,0,1,0,1,0,0,0,0,0,0,0
TGO,2023,0,1,0,1,0,0,0,0,0,0,0
THA,2010,0,1,0,0,1,0,0,0,0,0,0
THA,2011,0,1,0,0,1,0,0,0,0,0,0
THA,2012,0,1,0,0,1,0,0,0,0,0,0
THA,2013,0,1,0,0,1,0,0,0,0,0,0
THA,2014,0,1,0,0,1,0,0,0,0,0,0
THA,2015,0,1,0,0,1,0,0,0,0,0,0
THA,2016,0,1,0,0,1,0,0,0,0,0,0
THA,2017,0,1,0,0,1,0,0,0,0,0,0
THA,2018,0,1,0,0,1,0,0,0,0,0,0
THA,2019,0,1,0,0,1,0,0,0,0,0,0
THA,2020,0,1,0,0,1,0,0,0,0,1,0
THA,2021,0,1,0,0,1,0,0,0,0,0,0
THA,2022,0,1,0,0,1,0,0,0,0,0,0
THA,2023,1,0,0,0,1,0,0,0,0,0,0
TJK,2010,0,0,1,1,0,0,0,0,1,0,1
TJK,2011,0,0,1,1,0,0,1,0,0,0,1
TJK,2012,0,0,1,1,0,0,0,0,0,0,1
TJK,2013,0,0,1,1,0,0,0,0,0,0,1
TJK,2014,0,0,1,1,0,0,0,0,0,0,1
TJK,2015,0,0,1,1,0,0,0,0,0,0,1
TJK,2016,0,1,0,1,0,0,0,0,0,0,1
TJK,2017,0,1,0,1,0,0,0,0,0,0,1
TJK,2018,0,1,0,1,0,0,0,0,0,0,1
TJK,2019,0,1,0,1,0,0,0,1,0,0,1
TJK,2020,0,1,0,1,0,0,0,0,0,0,1
TJK,2021,0,1,0,1,0,0,0,0,0,0,1
TJK,2022,0,1,0,1,0,0,0,0,0,0,1
TJK,2023,0,1,0,1,0,0,0,0,0,0,1
TKM,2010,1,0,0,0,1,0,0,0,0,0,1
TKM,2011,1,0,0,0,1,0,0,0,0,0,1
TKM,2012,1,0,0,0,1,0,0,0,0,0,1
TKM,2013,1,0,0,0,1,0,0,0,0,0,1
TKM,2014,1,0,0,0,1,0,0,0,0,0,1
TKM,2015,1,0,0,0,1,0,0,0,0,0,1
TKM,2016,1,0,0,0,1,0,0,0,0,0,1
TKM,2017,1,0,0,0,1,0,0,0,0,0,1
TKM,2018,1,0,0,0,1,0,0,0,0,0,1
TKM,2019,1,0,0,0,1,0,0,0,0,0,1
TKM,2020,1,0,0,0,1,0,0,0,0,0,1
TKM,2021,1,0,0,0,1,0,0,0,0,0,1
TKM,2022,1,0,0,0,1,0,0,0,0,0,0
TKM,2023,1,0,0,0,1,0,0,0,0,0,0
TLS,2010,0,0,1,1,0,0,0,0,0,0,1
TLS,2011,0,0,1,1,0,0,1,0,0,0,1
TLS,2012,0,0,1,1,0,0,1,0,0,0,1
TLS,2013,0,0,1,1,0,0,1,0,0,0,1
TLS,2014,0,1,0,1,0,0,0,0,0,0,0
TLS,2015,0,1,0,1,0,0,0,0,0,0,0
TLS,2016,0,0,1,1,0,0,0,0,0,0,0
TLS,2017,0,0,1,1,0,0,0,0,0,1,0
TLS,2018,0,0,1,1,0,0,0,0,0,1,0
TLS,2019,0,0,1,1,0,0,0,0,0,0,0
TLS,2020,0,0,1,1,0,0,0,0,0,0,0
TLS,2021,0,0,1,1,0,0,0,0,0,0,0
TLS,2022,0,0,1,1,0,0,0,0,0,1,0
TLS,2023,0,0,1,1,0,0,0,0,1,1,0
TTO,2010,0,1,0,0,0,1,1,1,0,0,0
TTO,2011,0,1,0,0,0,1,0,1,0,1,0
TTO,2012,0,1,0,0,0,1,0,1,0,0,0
TTO,2013,0,1,0,0,0,1,0,1,0,0,0
TTO,2014,0,1,0,0,0,1,0,1,0,0,0
TTO,2015,0,1,0,0,0,1,0,1,0,1,0
TTO,2016,0,1,0,0,0,1,0,1,0,1,0
TTO,2017,0,1,0,0,0,1,0,1,0,1,0
TTO,2018,0,1,0,0,0,1,0,1,0,1,0
TTO,2019,0,1,0,0,0,1,0,1,0,0,0
TTO,2020,0,1,0,0,0,1,0,1,0,1,0
TTO,2021,0,1,0,0,0,1,0,1,0,1,0
TTO,2022,0,1,0,0,0,1,0,1,0,0,0
TTO,2023,0,1,0,0,0,1,0,0,0,0,0
TUN,2010,1,0,0,0,1,0,0,1,0,0,0
TUN,2011,1,0,0,0,1,0,0,1,0,1,0
TUN,2012,1,0,0,0,1,0,0,1,0,0,0
TUN,2013,1,0,0,0,1,0,0,1,0,0,0
TUN,2014,1,0,0,0,1,0,0,1,0,0,0
TUN,2015,1,0,0,0,1,0,0,1,0,0,0
TUN,2016,1,0,0,0,1,0,0,1,0,0,0
TUN,2017,1,0,0,0,1,0,0,1,0,0,0
TUN,2018,1,0,0,0,1,0,0,1,0,0,0
TUN,2019,1,0,0,0,1,0,0,1,0,0,0
TUN,2020,1,0,0,0,1,0,0,1,0,1,0
TUN,2021,1,0,0,0,1,0,0,1,0,0,0
TUN,2022,1,0,0,0,1,0,0,1,0,0,0
TUN,2023,1,0,0,0,1,0,0,0,0,0,0
TUR,2010,1,0,0,0,0,1,0,0,0,0,0
TUR,2011,1,0,0,0,0,1,0,0,0,0,0
TUR,2012,1,0,0,0,0,1,0,0,0,0,0
TUR,2013,1,0,0,0,0,1,0,0,0,0,0
TUR,2014,1,0,0,0,0,1,0,0,0,0,0
TUR,2015,1,0,0,0,0,1,0,0,0,0,0
TUR,2016,1,0,0,0,0,1,0,0,0,0,0
TUR,2017,1,0,0,0,0,1,1,0,0,0,0
TUR,2018,1,0,0,0,1,0,1,0,0,0,0
TUR,2019,1,0,0,0,1,0,1,0,0,0,0
TUR,2020,1,0,0,0,1,0,1,0,0,0,0
TUR,2021,1,0,0,0,1,0,1,0,0,0,0
TUR,2022,1,0,0,0,0,1,1,0,0,0,0
TUR,2023,1,0,0,0,0,1,1,0,0,0,0
TZA,2010,0,0,1,1,0,0,0,0,0,0,1
TZA,2011,0,0,1,1,0,0,1,0,0,0,1
TZA,2012,0,0,1,1,0,0,1,0,0,0,1
TZA,2013,0,0,1,1,0,0,0,0,0,0,1
TZA,2014,0,0,1,1,0,0,0,0,0,0,1
TZA,2015,0,0,1,1,0,0,0,0,0,0,1
TZA,2016,0,0,1,1,0,0,0,0,0,0,1
TZA,2017,0,0,1,1,0,0,0,0,0,0,1
TZA,2018,0,0,1,1,0,0,0,0,0,0,1
TZA,2019,0,0,1,1,0,0,0,0,0,0,1
TZA,2020,0,0,1,1,0,0,0,0,0,0,1
TZA,2021,0,0,1,1,0,0,0,0,0,0,1
TZA,2022,0,0,1,1,0,0,0,0,0,0,1
TZA,2023,0,0,1,1,0,0,0,0,0,0,1
UGA,2010,0,0,1,1,0,0,0,0,0,0,1
UGA,2011,0,0,1,1,0,0,1,0,0,0,1
UGA,2012,0,0,1,1,0,0,1,0,0,0,1
UGA,2013,0,0,1,1,0,0,0,0,0,0,1
UGA,2014,0,0,1,1,0,0,0,0,0,0,1
UGA,2015,0,0,1,1,0,0,0,0,0,0,1
UGA,2016,0,0,1,1,0,0,0,0,1,0,1
UGA,2017,0,0,1,1,0,0,0,0,1,0,1
UGA,2018,0,0,1,1,0,0,0,0,1,0,1
UGA,2019,0,0,1,1,0,0,0,0,0,0,1
UGA,2020,0,0,1,1,0,0,0,0,0,0,1
UGA,2021,0,0,1,1,0,0,0,0,0,0,1
UGA,2022,0,0,1,1,0,0,0,0,0,0,1
UGA,2023,0,0,1,1,0,0,0,0,0,0,1
UKR,2010,1,0,0,0,1,0,0,0,0,0,0
UKR,2011,1,0,0,0,1,0,0,0,0,0,0
UKR,2012,1,0,0,0,1,0,0,0,0,0,0
UKR,2013,1,0,0,0,1,0,0,0,0,0,0
UKR,2014,1,0,0,0,1,0,1,0,0,1,0
UKR,2015,1,0,0,1,0,0,1,0,0,1,0
UKR,2016,1,0,0,1,0,0,1,0,0,0,0
UKR,2017,1,0,0,1,0,0,1,0,0,0,0
UKR,2018,1,0,0,0,1,0,1,0,0,0,0
UKR,2019,1,0,0,0,1,0,0,0,0,0,0
UKR,2020,1,0,0,0,1,0,0,0,0,1,0
UKR,2021,0,1,0,0,1,0,0,0,0,0,0
UKR,2022,0,1,0,0,1,0,1,0,0,1,0
UKR,2023,0,1,0,0,1,0,1,0,0,0,0
URY,2010,1,0,0,0,0,1,0,0,0,0,0
URY,2011,1,0,0,0,0,1,0,0,0,0,0
URY,2012,1,0,0,0,0,1,0,0,0,0,0
URY,2013,1,0,0,0,0,1,0,0,0,0,0
URY,2014,1,0,0,0,0,1,0,0,0,0,0
URY,2015,1,0,0,0,0,1,0,0,0,0,0
URY,2016,1,0,0,0,0,1,0,0,0,0,0
URY,2017,1,0,0,0,0,1,0,0,0,0,0
URY,2018,1,0,0,0,0,1,0,0,0,0,0
URY,2019,1,0,0,0,0,1,0,0,0,0,0
URY,2020,1,0,0,0,0,1,0,0,0,1,0
URY,2021,1,0,0,0,0,1,0,0,0,0,0
URY,2022,1,0,0,0,0,1,0,0,0,0,0
URY,2023,1,0,0,0,0,1,0,0,0,0,0
USA,2010,1,0,0,0,0,1,0,0,0,0,0
USA,2011,1,0,0,0,0,1,0,0,0,0,0
USA,2012,1,0,0,0,0,1,0,0,0,0,0
USA,2013,1,0,0,0,0,1,0,0,0,0,0
USA,2014,1,0,0,0,0,1,0,0,0,0,0
USA,2015,1,0,0,0,0,1,0,0,0,0,0
USA,2016,1,0,0,0,0,1,0,0,0,0,0
USA,2017,1,0,0,0,0,1,0,0,0,0,0
USA,2018,1,0,0,0,0,1,0,0,0,0,0
USA,2019,1,0,0,0,0,1,0,0,0,0,0
USA,2020,1,0,0,0,0,1,0,0,0,1,0
USA,2021,1,0,0,0,0,1,0,0,0,0,0
USA,2022,1,0,0,0,0,1,0,0,0,0,0
USA,2023,1,0,0,0,0,1,0,0,0,0,0
UZB,2010,1,0,0,1,0,0,0,0,0,0,0
UZB,2011,1,0,0,1,0,0,1,0,0,0,0
UZB,2012,1,0,0,1,0,0,1,0,0,0,0
UZB,2013,1,0,0,1,0,0,1,0,0,0,0
UZB,2014,1,0,0,0,1,0,0,0,0,0,0
UZB,2015,1,0,0,0,1,0,0,0,0,0,0
UZB,2016,1,0,0,0,1,0,0,0,0,0,0
UZB,2017,1,0,0,1,0,0,1,0,0,0,0
UZB,2018,1,0,0,1,0,0,1,0,0,0,0
UZB,2019,1,0,0,1,0,0,1,0,0,0,0
UZB,2020,1,0,0,1,0,0,1,0,0,0,0
UZB,2021,1,0,0,1,0,0,1,0,0,0,0
UZB,2022,1,0,0,1,0,0,1,0,0,0,1
UZB,2023,1,0,0,0,1,0,0,0,0,0,1
VCT,2010,0,1,0,0,1,0,0,1,0,1,0
VCT,2011,0,1,0,0,1,0,0,1,0,1,0
VCT,2012,0,1,0,0,1,0,0,1,0,0,0
VCT,2013,1,0,0,0,1,0,0,1,0,0,0
VCT,2014,1,0,0,0,1,0,0,1,0,0,0
VCT,2015,1,0,0,0,1,0,0,1,0,0,0
VCT,2016,1,0,0,0,1,0,0,1,0,0,0
VCT,2017,1,0,0,0,1,0,0,1,0,0,0
VCT,2018,0,1,0,0,1,0,0,1,0,0,0
VCT,2019,0,1,0,0,1,0,0,1,0,0,0
VCT,2020,0,1,0,0,1,0,0,1,0,1,0
VCT,2021,0,1,0,0,1,0,0,1,0,0,0
VCT,2022,0,1,0,0,1,0,0,1,0,0,0
VCT,2023,0,1,0,0,0,1,0,0,0,0,0
VEN,2010,1,0,0,0,0,1,1,1,0,1,0
VEN,2011,1,0,0,0,0,1,1,1,0,0,0
VEN,2012,1,0,0,0,0,1,1,1,0,0,0
VEN,2013,1,0,0,0,1,0,1,1,0,0,0
VEN,2014,1,0,0,0,1,0,1,1,0,1,0
VEN,2015,0,1,0,0,1,0,1,1,0,1,0
VEN,2016,0,0,1,0,1,0,1,1,0,1,0
VEN,2017,0,0,1,0,1,0,0,1,1,1,0
VEN,2018,0,0,1,0,1,0,0,1,1,1,0
VEN,2019,0,0,1,1,0,0,0,1,1,1,0
VEN,2020,0,0,1,1,0,0,0,1,0,1,0
VEN,2021,0,1,0,1,0,0,0,1,0,0,0
VEN,2022,0,1,0,0,1,0,0,0,0,0,0
VEN,2023,0,1,0,0,1,0,0,0,0,0,0
VNM,2010,0,1,0,1,0,0,0,0,0,0,0
VNM,2011,0,1,0,1,0,0,1,0,0,0,0
VNM,2012,0,1,0,1,0,0,0,0,0,0,0
VNM,2013,0,1,0,1,0,0,0,0,0,0,0
VNM,2014,0,1,0,1,0,0,0,0,0,0,0
VNM,2015,0,1,0,1,0,0,0,0,0,0,0
VNM,2016,0,1,0,1,0,0,0,0,0,0,0
VNM,2017,0,1,0,0,1,0,0,0,0,0,0
VNM,2018,0,1,0,0,1,0,0,0,0,0,0
VNM,2019,0,1,0,0,1,0,0,0,0,0,0
VNM,2020,0,1,0,0,1,0,0,0,0,0,0
VNM,2021,0,1,0,0,1,0,0,0,0,0,0
VNM,2022,0,1,0,0,1,0,0,0,0,0,0
VNM,2023,0,1,0,0,1,0,0,0,0,0,0
VUT,2010,0,1,0,1,0,0,0,1,0,0,1
VUT,2011,0,1,0,0,1,0,0,1,0,0,1
VUT,2012,0,1,0,0,1,0,0,1,0,0,1
VUT,2013,0,1,0,0,1,0,0,1,0,0,1
VUT,2014,0,1,0,0,1,0,0,1,0,0,1
VUT,2015,0,1,0,0,1,0,0,1,0,0,1
VUT,2016,0,1,0,0,1,0,0,1,0,0,1
VUT,2017,0,1,0,0,1,0,0,1,0,0,1
VUT,2018,0,1,0,0,1,0,0,1,0,0,1
VUT,2019,0,1,0,0,1,0,0,1,0,0,1
VUT,2020,0,1,0,0,1,0,0,1,0,1,1
VUT,2021,0,1,0,0,1,0,0,1,0,1,1
VUT,2022,0,1,0,0,1,0,0,1,0,0,1
VUT,2023,0,1,0,0,1,0,1,0,0,0,1
WSM,2010,1,0,0,0,1,0,0,0,0,0,0
WSM,2011,1,0,0,0,1,0,0,0,0,0,0
WSM,2012,1,0,0,0,1,0,0,0,0,1,0
WSM,2013,1,0,0,0,1,0,0,0,0,0,0
WSM,2014,1,0,0,0,1,0,0,0,0,0,0
WSM,2015,1,0,0,0,1,0,0,0,0,0,0
WSM,2016,0,1,0,0,1,0,0,0,0,0,0
WSM,2017,1,0,0,0,1,0,0,0,0,0,0
WSM,2018,1,0,0,0,1,0,0,0,0,1,0
WSM,2019,1,0,0,0,1,0,0,0,0,0,0
WSM,2020,1,0,0,0,1,0,0,0,0,1,0
WSM,2021,1,0,0,0,1,0,0,0,0,1,0
WSM,2022,1,0,0,0,1,0,1,0,0,0,0
WSM,2023,1,0,0,0,1,0,0,0,0,0,0
ZAF,2010,1,0,0,0,1,0,0,0,0,0,0
ZAF,2011,0,1,0,0,1,0,0,0,0,0,0
ZAF,2012,0,1,0,0,1,0,0,0,0,0,0
ZAF,2013,0,1,0,0,1,0,0,0,0,0,0
ZAF,2014,0,1,0,0,1,0,0,0,0,0,0
ZAF,2015,0,1,0,0,1,0,0,0,0,0,1
ZAF,2016,0,1,0,0,1,0,0,0,0,0,0
ZAF,2017,0,1,0,0,1,0,0,0,0,0,0
ZAF,2018,0,1,0,0,1,0,0,0,0,0,0
ZAF,2019,0,1,0,0,1,0,0,0,0,0,0
ZAF,2020,0,1,0,0,1,0,0,0,0,1,0
ZAF,2021,0,1,0,0,1,0,0,0,0,0,0
ZAF,2022,0,1,0,0,1,0,0,0,0,0,0
ZAF,2023,0,1,0,0,1,0,0,0,0,0,0
ZMB,2010,0,0,1,1,0,0,0,0,1,0,1
ZMB,2011,0,0,1,1,0,0,0,0,1,0,1
ZMB,2012,0,0,1,1,0,0,0,0,1,0,1
ZMB,2013,0,0,1,1,0,0,0,0,1,0,1
ZMB,2014,0,0,1,1,0,0,0,0,1,0,1
ZMB,2015,0,0,1,1,0,0,1,0,1,0,1
ZMB,2016,0,0,1,1,0,0,1,0,1,0,1
ZMB,2017,0,0,1,1,0,0,0,0,0,0,1
ZMB,2018,0,0,1,1,0,0,0,0,0,0,1
ZMB,2019,0,0,1,1,0,0,0,0,0,0,1
ZMB,2020,0,0,1,1,0,0,1,0,0,1,1
ZMB,2021,0,0,1,1,0,0,1,0,1,0,1
ZMB,2022,0,0,1,1,0,0,1,0,1,0,1
ZMB,2023,0,0,1,1,0,0,1,0,1,0,1
ZWE,2010,0,0,1,1,0,0,0,1,1,0,0
ZWE,2011,0,0,1,1,0,0,0,0,1,0,0
ZWE,2012,0,0,1,1,0,0,0,0,1,0,0
ZWE,2013,0,0,1,1,0,0,0,0,1,0,0
ZWE,2014,0,0,1,1,0,0,0,1,1,0,0
ZWE,2015,0,0,1,1,0,0,0,1,1,0,0
ZWE,2016,0,0,1,1,0,0,0,1,1,0,0
ZWE,2017,0,0,1,0,1,0,0,0,1,0,0
ZWE,2018,0,0,1,1,0,0,1,0,1,0,0
ZWE,2019,0,0,1,1,0,0,1,0,1,1,0
ZWE,2020,0,0,1,1,0,0,1,0,0,1,0
ZWE,2021,0,0,1,1,0,0,1,0,0,0,0
ZWE,2022,0,0,1,1,0,0,1,0,0,0,0
ZWE,2023,0,0,1,1,0,0,0,0,0,0,0
